codpais,idprovincia,iae,descripcion
ESP,48,101100,EXPLOTACION EXTENSIVA DE GANADO BOVINO
ESP,48,101200,EXPLOTACION INTENSIVA DE GANADO BOVINO DE LECHE
ESP,48,101300,EXPLOTACION INTENSIVA DE GANADO BOVINO DE CEBO
ESP,48,102100,EXPLOTACION EXTENSIVA DE GANADO OVINO
ESP,48,102200,EXPLOTACION INTENSIVA DE GANADO OVINO DE CRIA
ESP,48,102300,EXPLOTACION INTENSIVA DE GANADO OVINO DE CEBO
ESP,48,1024000,EXPLOTACION DE GANADO CAPRINO (EXTENSIVAS Y OTRAS)
ESP,48,1024001,EXPLOTACION DE GANADO CAPRINO (INTENSIVA DE LECHE)
ESP,48,1024002,EXPLOTACION DE GANADO CAPRINO (INTENSIVA DE CARNE)
ESP,48,103100,EXPLOTACION EXTENSIVA DE GANADO PORCINO
ESP,48,103200,EXPLOTACION INTENSIVA DE GANADO PORCINO DE CRIA
ESP,48,103300,EXPLOTACION INTENSIVA DE GANADO PORCINO DE CEBO
ESP,48,104110,REPRODUCTORAS DE PUESTA
ESP,48,1041200,PONEDORAS DE HUEVOS A PARTIR DE LOS CUATRO MESES DE EDAD (INTENSIVA)
ESP,48,1041201,PONEDORAS DE HUEVOS A PARTIR DE LOS CUATRO MESES DE EDAD (EXTENSIVA)
ESP,48,104210,REPRODUCTORAS DE CARNE
ESP,48,104220,POLLOS Y PATOS PARA CARNE
ESP,48,104230,"PAVOS, FAISANES Y PALMIPEDAS REPRODUCTORAS"
ESP,48,104240,"PAVOS, FAISANES Y PALMIPEDAS PARA CARNE"
ESP,48,104250,CODORNICES PARA CARNE
ESP,48,105100,CUNICULTURA
ESP,48,106100,"EXPLOTACIONES DE GANADO CABALLAR, MULAR Y ASNAL"
ESP,48,106200,APICULTURA
ESP,48,1069001,OTRAS EXPLOTACIONES GANADERAS (INTENSIVA DE GANADO BOVINO CRIA)
ESP,48,1069002,OTRAS EXPLOTACIONES GANADERAS (INTENSIVA DE GANADO OVINO DE LECHE)
ESP,48,1069003,"OTRAS EXPLOTACIONES GANADERAS (AVICULTURA DE CARNE, OTRAS ESPECIES)"
ESP,48,107100,EXPLOTACIONES MIXTAS
ESP,48,111110,"EXTRACCION Y PREPARACION DE HULLA, EXCEPTO HULLA SUBBITUMINOSA"
ESP,48,111120,EXTRACCION Y PREPARACION DE HULLA SUBBITUMINOSA (LIGNITO NEGRO)
ESP,48,111130,PREPARACION DE HULLA EN FACTORIA INDEPENDIENTE O FUERA DEL PERIMETRO CONCESION
ESP,48,111140,AGLOMERACION DE HULLA
ESP,48,111210,EXTRACCION Y PREPARACION DE ANTRACITA
ESP,48,111220,PREPARACION DE ANTRACITA EN FACTORIA INDEPENDIENTE O FUERA DEL PERIMETRO CONC.
ESP,48,111310,EXTRACCION Y PREPARACION DE LIGNITO PARDO
ESP,48,111320,PREPARACION DE LIGNITO PARDO EN FACTORIA INDEPENDIENTE O FUERA PERIMETRO CONC.
ESP,48,111400,FABRICACION DE COQUE
ESP,48,112110,"TRABAJOS DE TESTIFICACION POR DIVERSOS PROCEDIMIENTOS, EN SONDEOS, DETERMINA.."
ESP,48,112120,"TRABAJOS PARA DESVIACION DE SONDEOS Y CIMENTACION DE POZOS, FRACT.O ACIDIFICA."
ESP,48,112130,"TRABAJOS DE TOMAS DE MEDIDA DE PRESION DE FONDO DE POZOS, APERTURA Y CIERRE DE"
ESP,48,112190,OTRAS ACTIVIDADES RELACIONADAS CON LA PROSPECCION DE PETROLEO Y GAS NATURAL Y
ESP,48,112210,EXTRACCION DE CRUDOS DE PETROLEO
ESP,48,112220,DISTRIBUCION DE CRUDOS DE PETROLEO
ESP,48,112310,EXTRACCION Y DEPURACION DE GAS NATURAL
ESP,48,112320,DISTRIBUCION DE GAS NATURAL
ESP,48,112400,EXTRACCION DE PIZARRAS BITUMINOSAS
ESP,48,113000,REFINO DE PETROLEO
ESP,48,114100,EXTRACCION Y PREPARACION DE MINERALES RADIACTIVOS
ESP,48,114200,PREPARACION DE MINERALES RADIACTIVOS EN FACTORIA INDEPENDIENTE FUERA DEL PERIM
ESP,48,114310,TRANSFORMACION DE MINERALES RADIACTIVOS
ESP,48,114320,TRATAMIENTO DE RESIDUOS RADIACTIVOS
ESP,48,114330,ALMACENAMIENTO DE RESIDUOS RADIACTIVOS
ESP,48,115110,PRODUCCION DE ENERGIA HIDROELECTRICA
ESP,48,115120,PRODUCCION DE ENERGIA TERMOELECTRICA CONVENCIONAL
ESP,48,115130,PRODUCCION DE ENERGIA ELECTRONUCLEAR
ESP,48,115140,"PRODUCCION DE ENERGIA NO ESPECIFICADA EN LOS EPIGRAFES ANTERIORES, ABARCANDO"
ESP,48,115150,TRANSPORTE Y DISTRIBUCION DE LA ENERGIA ELECTRICA
ESP,48,115160,COMERCIALIZACIÓN DE ENERGÍA ELÉCTRICA
ESP,48,115210,FABRICACION Y DISTRIBUCION DE GAS
ESP,48,115220,COMERCIALIZACIÓN DE GAS
ESP,48,115300,PRODUCCION Y DISTRIBUCION DE VAPOR Y AGUA CALIENTE
ESP,48,116110,"CAPTACION, TRATAMIENTO Y DISTRIBUCION DE AGUA PARA NUCLEOS URBANOS."
ESP,48,116120,CAPTACION DE AGUA PARA SU SUMINISTRO
ESP,48,116130,TRATAMIENTO DE AGUA PARA SU SUMINISTRO
ESP,48,116140,DISTRIBUCION DE AGUA PARA NUCLEOS URBANOS
ESP,48,116200,FABRICACION DE HIELO PARA LA VENTA
ESP,48,121110,EXTRACCION Y PREPARACION DE MINERALES FERREOS
ESP,48,121120,PREPARACION DE MINERALES FERREOS EN FACTORIA INDEPENDIENTE O FUERA DEL PERIMET
ESP,48,121210,EXTRACCION Y PREPARACION DE MINERALES METALICOS NO FERREOS
ESP,48,121220,PREPARACION DE MINERALES METALICOS NO FERREOS EN FACTORIA INDEPENDIENTE O SITU
ESP,48,122100,SIDERURGIA INTEGRAL
ESP,48,122200,SIDERURGIA NO INTEGRAL
ESP,48,122300,FABRICACION DE TUBOS DE ACERO
ESP,48,122400,"TREFILADO, ESTIRADO, PERFILADO, LAMINADO EN FRIO DEL ACERO"
ESP,48,122510,PRODUCCION Y PRIMERA TRANSFORMACION DEL ALUMINIO
ESP,48,122520,PRODUCCION Y PRIMERA TRANSFORMACION DEL COBRE
ESP,48,122590,PRODUCCION Y PRIMERA TRANSFORMACION DE OTROS METALES NO FERREOS N.C.O.P.
ESP,48,123110,EXTRACCION DE SUSTANCIAS ARCILLOSAS
ESP,48,123120,EXTRACCION DE ROCAS Y PIZARRAS PARA LA CONSTRUCCION
ESP,48,123130,EXTRACCION DE ARENAS Y GRAVAS PARA LA CONSTRUCCION
ESP,48,123140,EXTRACCION DE YESO
ESP,48,123190,EXTRACCION DE OTROS MATERIALES DE CONSTRUCCION N.C.O.P.
ESP,48,123210,EXTRACCION DE SALES POTASICAS
ESP,48,123220,EXTRACCION DE FOSFATOS Y NITRATOS
ESP,48,123310,EXTRACCION DE SAL MARINA
ESP,48,123320,EXTRACCION DE SAL MANANTIAL Y SAL GEMA
ESP,48,123400,EXTRACCION DE PIRITAS Y AZUFRE
ESP,48,123910,EXTRACCION DE FLUORITA
ESP,48,123920,EXTRACCION DE TURBA
ESP,48,123990,EXTRACCION DE OTROS MINERALES NO METALICOS NI ENERGETICOS N.C.O.P.
ESP,48,124100,FABRICACION DE PRODUCTOS TIERRAS COCIDAS PARA LA CONSTRUCCION (EXCEP.REFRA.)
ESP,48,124210,FABRICACION DE CEMENTOS ARTIFICIALES
ESP,48,124220,FABRICACION DE CEMENTOS NATURALES
ESP,48,124230,FABRICACION DE CALES Y YESO
ESP,48,124310,FABRICACION DE HORMIGONES PREPARADOS
ESP,48,124320,FABRICACION DE PRODUCTOS EN FIBROCEMENTO
ESP,48,124330,"FABRICACION DE OTROS ARTICULOS DERIVADOS DEL CEMENTO, EXCEPTO PAVIMENTOS"
ESP,48,124340,FABRICACION DE PAVIMENTOS DERIVADOS DEL CEMENTO
ESP,48,124350,FABRICACION DE ARTICULOS DERIVADOS DEL YESO Y ESCAYOLA
ESP,48,124400,INDUSTRIAS DE LA PIEDRA NATURAL
ESP,48,124500,FABRICACION DE ABRASIVOS
ESP,48,124610,FABRICACION DE VIDRIO PLANO
ESP,48,124620,FABRICACION DE VIDRIO HUECO
ESP,48,124630,FABRICACION DE VIDRIO TECNICO
ESP,48,124640,FABRICACION DE FIBRA DE VIDRIO
ESP,48,124650,MANIPULADO DE VIDRIO
ESP,48,124660,FABRICACION DE FRITAS Y ESMALTES CERAMICOS
ESP,48,124710,FABRICACION DE ARTICULOS REFRACTARIOS
ESP,48,124720,FABRICACION DE BALDOSAS PARA PAVIMENTACION O REVESTIMIENTO SIN BARNIZAR NI ESM
ESP,48,124730,FABRICACION DE BALDOSAS PARA PAVIMENTACION O REVESTIMIENTO BARNIZADAS O ESMALT
ESP,48,124740,"FABRICACION DE VAJILLAS, ARTICULOS DEL HOGAR Y OBJ. ADORNO, DE MATERIAL CERAMI"
ESP,48,124750,"FABRICACION DE APARATOS SANITARIOS DE LOZA, PORCELANA, Y GRES"
ESP,48,124760,FABRICACION AISLADORES Y PIEZAS AISLANTES MATERIAL CERAMICO PARA INSTAL.ELECT.
ESP,48,124790,FABRICACION DE OTROS ARTICULOS CERAMICOS N.C.O.P.
ESP,48,124900,INDUSTRIAS DE OTROS PRODUCTOS MINERALES NO METALICOS N.C.O.P.
ESP,48,125110,FABRICACION DE PRODUCTOS QUIMICOS ORGANICOS DE ORIGEN PETROQUIMICO
ESP,48,125120,FABRICACION DE OTROS PRODUCTOS QUIMICOS ORGANICOS
ESP,48,125130,FABRICACION DE PRODUCTOS QUIMICOS INORGANICOS (EXCEPTO GASES COMPRIMIDOS)
ESP,48,125140,FABRICACION DE PRIMERAS MATERIAS PLASTICAS
ESP,48,125150,FABRICACION DE CAUCHOS Y LATEX SINTETICOS
ESP,48,125160,PRODUCCION DE FIBRAS ARTIFICIALES Y SINTETICAS
ESP,48,125170,FABRICACION DE ACIDO ANHIDRIDO FTALICO Y MALEICO
ESP,48,125210,FABRICACION DE ABONOS
ESP,48,125220,FABRICACION DE PLAGUICIDAS
ESP,48,125310,FABRICACION DE GASES COMPRIMIDOS
ESP,48,125320,FABRICACION DE COLORANTES Y PRIGMENTOS
ESP,48,125330,"FABRICACION DE PINTURAS, BARNICES Y LACAS"
ESP,48,125340,FABRICACION DE TINTAS DE IMPRENTA
ESP,48,125350,TRATAMIENTO DE ACEITES Y GRASAS PARA USOS INDUSTRIALES
ESP,48,125360,"FABRICACION DE ACEITES ESENCIALES Y DE SUSTANCIAS AROMATICAS, NATURALES Y SINT"
ESP,48,125370,"FABRICACION DE COLAS Y GELATINAS Y PROD.AUXILIARES PARA IND.TEXTIL,CUERO Y CAU"
ESP,48,125380,FABRICACION DE EXPLOSIVOS
ESP,48,125390,FABRICACION DE OTROS PRODUCTOS QUIMICOS DE USO INDUSTRIAL N.C.O.P.
ESP,48,125410,FABRICACION DE PRODUCTOS FARMACEUTICOS
ESP,48,125420,FABRICACION DE ESPECIALIDADES Y OTROS PRODUCTOS FARMACEUTICOS
ESP,48,125510,"FABRICACION DE JABONES COMUNES, DETERGENTES Y LEJIAS"
ESP,48,125520,FABRICACION DE JABONES DE TOCADOR Y OTROS PRODUCTOS DE PERFUMERIA Y COSMETICA
ESP,48,125530,FABRICACION DE DERIVADOS DE CERAS Y PARAFINAS
ESP,48,125540,FABRICACION DE MATERIAL FOTOGRAFICO SENSIBLE
ESP,48,125550,"FABRICACION DE ARTICULOS PIROTECNICOS, CERILLAS Y FOSFOROS"
ESP,48,125590,FABRICACION OTROS PRODUCTOS QUIMICOS DESTINADOS PRINCI.AL CONSUMO FINAL N.C.O.
ESP,48,131110,FUNDICION DE PIEZAS DE HIERRO Y ACERO
ESP,48,131120,FUNDICION DE PIEZAS DE METALES NO FERREOS Y SUS ALEACIONES
ESP,48,131200,"FORJA, ESTAMPADO, EMBUTICION, TROQUELADO, CORTE Y REPULSADO"
ESP,48,131300,TRATAMIENTO Y RECUBRIMIENTO DE LOS METALES
ESP,48,131410,CARPINTERIA METALICA
ESP,48,131420,FABRICACION DE ESTRUCTURAS METALICAS
ESP,48,131500,CONSTRUCCION DE GRANDES DEPOSITOS Y CALDERERIA GRUESA
ESP,48,131610,FABRICACION DE HERRAMIENTAS MANUALES
ESP,48,131620,FABRICACION DE ARTICULOS DE FERRETERIA Y CERRAJERIA
ESP,48,131630,TORNILLERIA Y FABRICACION DE ARTICULOS DERIVADOS DEL ALAMBRE
ESP,48,131640,FABRICACION DE ARTICULOS DE MENAJE
ESP,48,131650,"FABRICACION COCINAS, CALENTADORES Y APARATOS DOMESTICOS DE CALEFACCION,NO ELEC"
ESP,48,131660,FABRICACION DE MOBILIARIO METALICO
ESP,48,131670,FABRICACION DE RECIPIENTES Y ENVASES METALICOS
ESP,48,131680,FABRICACION DE ARMAS LIGERAS Y SUS MUNICIONES
ESP,48,131690,FABRICACION DE OTROS ARTICULOS ACABADOS EN METALES N.C.O.P.
ESP,48,131910,MECANICA GENERAL
ESP,48,131990,TALLERES MECANICOS N.C.O.P.
ESP,48,132110,CONSTRUCCION DE MAQUINAS AGRICOLAS
ESP,48,132120,CONSTRUCCION DE TRACTORES AGRICOLAS
ESP,48,132210,CONSTRUCCION DE MAQUINAS PARA TRABAJAR LOS METALES
ESP,48,132220,CONSTRUCCION DE MAQUINAS PARA TRABAJAR LA MADERA Y EL CORCHO
ESP,48,132230,"FABRICACION DE UTILES, EQUIPOS, PIEZAS Y ACCESORIOS PARA MAQUINAS-HERRAMIENTAS"
ESP,48,132310,CONSTRUCCION DE MAQUINAS TEXTILES Y SUS ACCESORIOS
ESP,48,132320,CONSTRUCCION DE MAQUINAS PARA LAS INDUSTRIAS DEL CUERO Y CALZADO
ESP,48,132330,FABRICACION DE MAQUINAS DE COSER
ESP,48,132410,"CONSTRUCCION DE MAQUINAS PARA LAS INDUSTRIAS ALIMENTICIAS, DE BEBIDAS Y TABACO"
ESP,48,132420,CONSTRUCCION DE MAQUINAS PARA LA INDUSTRIA QUIMICA
ESP,48,132430,CONSTRUCCION MAQUINAS PARA LAS INDUST.DE TRANSFORMACION DEL CAUCHO Y MAT.PLAST
ESP,48,132510,"CONSTRUCCION DE MAQUINAS Y EQUIPO PARA MINERIA, CONSTRUCCION Y OBRAS PUBLICAS"
ESP,48,132520,CONSTRUCCION MAQUINAS Y EQUIPO PARA LAS INDUSTRIAS DE PROD.MINERALES NO METAL.
ESP,48,132530,CONSTRUCCION DE MAQUINAS Y EQUIPO PARA LA SIDERURGIA Y FUNDICION
ESP,48,132540,CONSTRUCCION DE MAQUINARIA DE ELEVACION Y MANIPULACION
ESP,48,132610,"FABRICACION DE ENGRANAJES, CADENAS TRANSMISION Y OTROS ORGANOS DE TRANSMISION"
ESP,48,132620,FABRICACION DE RODAMIENTOS
ESP,48,132910,"CONSTRUCCION DE MAQUINAS PARA LAS INDUSTRIAS DEL PAPEL, CARTON Y ARTES GRAFICA"
ESP,48,132920,CONSTRUCCION DE MAQUINAS DE LAVADO Y LIMPIEZA EN SECO
ESP,48,132930,CONSTRUCCION DE MOTORES Y TURBINAS (EXCEPTO LOS DESTINADOS AL TRANSPORTE)
ESP,48,132940,CONSTRUCCION DE MAQUINARIA PARA LA MANIPULACION DE FLUIDOS
ESP,48,132990,CONSTRUCCION DE OTRAS MAQUINAS Y EQUIPO MECANICO N.C.O.P.
ESP,48,133000,CONSTRUCCION DE MAQUINAS DE OFICINA Y ORDENADORES (INCLUIDA SU INSTALACION)
ESP,48,134100,FABRICACION DE HILOS Y CABLES ELECTRICOS
ESP,48,134200,FABRICACION DE MATERIAL ELECTRICO DE UTILIZACION Y EQUIPAMIENTO
ESP,48,134300,FABRICACION DE PILAS Y ACUMULADORES
ESP,48,134400,"FABRICACION CONTADORES Y APARATOS DE MEDIDA, CONTROL Y VERIFICACION ELECTRICOS"
ESP,48,134500,FABRICACION DE APARATOS ELECTRODOMESTICOS
ESP,48,134600,FABRICACION DE LAMPARAS Y MATERIAL DE ALUMBRADO
ESP,48,135110,FABRICACION DE APARATOS Y EQUIPO TELEFONICO Y TELEGRAFICO
ESP,48,135120,"FABRICACION APARATOS Y EQUIPO DE RADIOCOMUNICACION, RADIODIFUSION Y TELEVISION"
ESP,48,135200,FABRICACION APARATOS Y EQUIPO ELECTROMEDICO Y DE USO PROFESIONAL Y CIENTIFICO
ESP,48,135300,"FABRICACION APARATOS Y EQUIPO ELECTRONICO SEÑALIZACION, CONTROL Y PROGRAMACION"
ESP,48,135400,FABRICACION DE COMPONENTES ELECTRONICOS Y CIRCUITOS INTEGRADOS
ESP,48,135510,FABRICACION RECEPTORES RADIO Y TELEVISION Y APAR.REGISTRO Y REPRODUCCION SONID
ESP,48,135520,"EDICION DE SOPORTES GRABADOS DE SONIDO, DE VIDEO Y DE INFORMATICA"
ESP,48,136100,CONSTRUCCION Y MONTAJE DE VEHICULOS AUTOMOVILES Y SUS MOTORES
ESP,48,136200,"CONSTRUCCION DE CARROCERIAS, REMOLQUES Y VOLQUETES"
ESP,48,136300,"FABRICACION EQUIPO,COMPONENTES,ACCESORIOS Y PIEZAS REPUESTO VEHICULOS AUTOMOV."
ESP,48,137100,CONSTRUCCION NAVAL
ESP,48,137200,REPARACION Y MANTENIMIENTO DE BUQUES
ESP,48,138100,"CONSTRUCCION,REPARACION Y MANTENIMIENTO DE MATERIAL FERROVIARIO"
ESP,48,138200,"CONSTRUCCION, REPARACION Y MANTENIMIENTO DE AERONAVES"
ESP,48,138300,"CONSTRUCCION DE BICICLETAS, MOTOCICLETAS Y SUS PIEZAS DE REPUESTO"
ESP,48,138900,CONSTRUCCION DE OTRO MATERIAL DE TRANSPORTE N.C.O.P.
ESP,48,139100,"FABRICACION DE INSTRUMENTOS DE PRECISION, MEDIDA Y CONTROL"
ESP,48,139210,FABRICACION DE MATERIAL MEDICO-QUIRURGICO
ESP,48,139220,FABRICACION DE APARATOS DE PROTESIS Y ORTOPEDIA
ESP,48,139310,INSTRUMENTOS OPTICOS Y MATERIAL FOTOGRAFICO Y CINEMATOGRAFICO (EX.MONTURA GAF.
ESP,48,139320,FABRICACION DE MONTURAS PARA GAFAS (EXCEPTO LAS DE PLASTICO)
ESP,48,139900,FABRICACION DE RELOJES Y OTROS INSTRUMENTOS N.C.O.P.
ESP,48,141110,FABRICACION Y ENVASADO DE ACEITE DE OLIVA
ESP,48,141120,FABRICACION DE ACEITE DE OLIVA
ESP,48,141130,ENVASADO DE ACEITE DE OLIVA
ESP,48,141210,EXTRACCION Y ENVASADO ACEITES DE SEMILLAS OLEOGINOSAS Y DE ORUJO DE ACEITUNA
ESP,48,141220,OBTENCION DE ACEITES Y GRASAS DE ANIMALES MARINOS
ESP,48,141230,"REFINADO, HIDROGENADO, ENVASADO Y OTROS TRAT.SIMILARES CUERPOS GRASOS VEG.Y AN"
ESP,48,141240,OBTENCION Y ENVASADO DE MARGARINA Y GRASAS ALIMENTICIAS SIMILARES
ESP,48,141310,SACRIFICIO Y DESPIECE DE GANADO EN GENERAL
ESP,48,141320,FABRICACION DE PRODUCTOS CARNICOS DE TODAS CLASES
ESP,48,141330,"SALAS DESPIECE AUTONOMAS, INDUSTRIAS DE APROVE.Y TRANSFOR.SUBPRODUCTOS CARNICO"
ESP,48,141340,"INCUBACION Y VENTA DE POLLUELOS RECIEN NACIDOS, MEDIANTE COMPRA HUEVOS FERTILE"
ESP,48,141410,PREPARACION DE LECHE
ESP,48,141420,PREPARACION DE LECHE EN CONSERVA
ESP,48,1414301,FABRICACION DE QUESO Y MANTEQUILLA
ESP,48,1414302,FABRICACION DE QUESO Y MANTEQUILLA (SOLO AGRICOLAS)
ESP,48,141440,ELABORACION DE HELADOS Y SIMILARES
ESP,48,141500,FABRICACION DE JUGOS Y CONSERVAS VEGETALES
ESP,48,141600,FABRICACION DE CONSERVAS DE PESCADO Y OTROS PRODUCTOS MARINOS
ESP,48,141710,FABRICACION DE HARINAS Y SEMOLAS
ESP,48,141720,FABRICACION DE OTROS PRODUCTOS DE MOLINERIA
ESP,48,141810,FABRICACION DE PASTAS ALIMENTICIAS
ESP,48,141820,FABRICACION DE PRODUCTOS AMILACEOS
ESP,48,141910,INDUSTRIA DEL PAN Y DE LA BOLLERIA
ESP,48,141920,"INDUSTRIAS DE LA BOLLERIA, PASTELERIA Y GALLETAS"
ESP,48,141930,INDUSTRIAS DE ELABORACION DE MASAS FRITAS
ESP,48,142000,INDUSTRIA DEL AZUCAR
ESP,48,142110,INDUSTRIA DEL CACAO Y CHOCOLATE
ESP,48,142120,ELABORACION DE PRODUCTOS DE CONFITERIA
ESP,48,142210,"FORRAJES, DESHIDRATADOS, MELAZADOS, ETC., PARA LA ALIMENTACION ANIMAL"
ESP,48,142220,HARINAS DE PESCADO Y DE SUBPRODUCTOS ANIMALES Y OTROS PREP.PARA ELABOR.PIENSOS
ESP,48,142230,"ELABORACION DE PIENSOS COMPUESTOS DE CUALQUIER CLASE, EXCEPTO LOS DEL EP.4224"
ESP,48,142240,"ELABORACION DE OTROS PIENSOS COMPUESTOS PARA PERROS, GATOS Y OTROS ANIM.FAMIL."
ESP,48,142310,ELABORACION DE CAFE Y TE Y SUCEDANEOS DE CAFE
ESP,48,142320,"ELABORACION DE SOPAS PREPARADAS, EXTRACTOS Y CONDIMENTOS"
ESP,48,142330,ELABORACION DE PRODUCTOS DIETETICOS Y DE REGIMEN
ESP,48,1423901,ELABORACION DE OTROS PRODUCTOS ALIMENTICIOS N.C.O.P.
ESP,48,1423902,ELABORACION DE OTROS PRODUCTOS ALIMENTICIOS N.C.O.P. (ACTIVIDADES AGRICOLAS)
ESP,48,142410,DESTILACION Y RECTIFICACION DE ALCOHOLES
ESP,48,142420,OBTENCION DE AGUARDIENTES NATURALES
ESP,48,142430,"OBTENCION AGUARDIENTES COMPUESTOS, LICORES Y APERITIVOS NO PROCEDENTES DE VINO"
ESP,48,1425100,ELABORACION Y CRIANZA DE VINOS
ESP,48,1425101,ELABORACION Y CRIANZA DE VINOS (SOLO AGRICOLAS)
ESP,48,142520,ELABORACION DE VINOS ESPUMOSOS
ESP,48,1425300,ELABORACION DE OTROS VINOS ESPECIALES
ESP,48,1425301,ELABORACION DE OTROS VINOS ESPECIALES (SOLO AGRICOLAS)
ESP,48,142590,OTRAS INDUSTRIAS VINICOLAS N.C.O.P.
ESP,48,1426001,SIDRERIAS
ESP,48,1426002,SIDRERIAS (SOLO AGRICOLAS)
ESP,48,142700,FABRICACION DE CERVEZA Y MALTA CERVECERA
ESP,48,142810,PREPARACION Y ENVASADO DE AGUAS MINERALES NATURALES
ESP,48,142820,FABRICACION DE AGUAS GASEOSAS Y OTRAS BEBIDAS ANALCOHOLICAS
ESP,48,142910,ELABORACION DE CIGARROS Y CIGARRILLOS Y OTROS PRODUCTOS DE TABACO
ESP,48,142920,"PRIMERA TRANSFORMACION TABACO SIN ELABORACION DE CIGARROS,CIGARRILLOS,PICADURA"
ESP,48,143110,"PREPARACION DE LAS FIBRAS DE ALGODON (DESMOTADO, CARDADO, PEINADO)"
ESP,48,143120,HILADO Y RETORCIDO DEL ALGODON Y SUS MEZCLAS
ESP,48,143130,TEJIDO DE ALGODON Y SUS MEZCLAS
ESP,48,143210,"PREPARACION DE LAS FIBRAS DE LANA (CLASIFICACION, LAVADO, PEINADO)"
ESP,48,143220,HILADO Y RETORCIDO DE LA LANA Y SUS MEZCLAS
ESP,48,143230,TEJIDO DE LA LANA Y DE SUS MEZCLAS
ESP,48,143300,INDUSTRIA DE SEDA NATURAL Y SUS MEZCLAS DE LAS FIBRAS ARTIFICIALES Y SINTETICA
ESP,48,143400,INDUSTRIA DE LAS FIBRAS DURAS Y SUS MEZCLAS
ESP,48,143510,FABRICACION DE GENEROS DE PUNTO EN PIEZA
ESP,48,143520,FABRICACION DE CALCETERIA
ESP,48,143530,FABRICACION DE PRENDAS INTERIORES Y ROPA DE DORMIR DE PUNTO
ESP,48,143540,FABRICACION DE PRENDAS EXTERIORES DE PUNTO
ESP,48,143600,ACABADO DE TEXTILES
ESP,48,143710,FABRICACION DE ALFOMBRAS Y TAPICES
ESP,48,143720,FABRICACION DE TEJIDOS IMPREGNADOS
ESP,48,143910,CORDELERIA
ESP,48,143920,"FABRICACION DE FIELTROS, TULES, ENCAJES, PASAMANERIA, ETC."
ESP,48,143930,FABRICACION DE TEXTILES CON FIBRAS DE RECUPERACION
ESP,48,143990,OTRAS INDUSTRIAS TEXTILES N.C.O.P.
ESP,48,144100,CURTICION Y ACABADO DE CUEROS Y PIELES
ESP,48,144210,FABRICACION DE ARTICULOS DE MARROQUERIA Y VIAJE
ESP,48,144220,FABRICACION DE GUANTES DE PIEL
ESP,48,144290,FABRICACION DE OTROS ARTICULOS DE CUERO N.C.O.P.
ESP,48,145100,FABRICACION EN SERIE DE CALZADO (EXCEPTO EL DE CAUCHO Y MADERA)
ESP,48,145200,FABRICACION DE CALZADO  ARTESANIA Y A MEDIDA (INCLUIDO EL CALZADO ORTOPEDICO)
ESP,48,145300,CONFECCION EN SERIE DE TODA CLASE DE PRENDAS DE VESTIR Y SUS COMPLEMENTOS
ESP,48,145400,CONFECCION A MEDIDA DE PRENDAS DE VESTIR Y SUS COMPLEMENTOS
ESP,48,145510,"CONFECCION DE ARTICULOS TEXTILES, PARA EL HOGAR Y TAPICERIA"
ESP,48,145590,CONFECCION DE OTROS ARTICULOS CON MATERIAS TEXTILES N.C.O.P.
ESP,48,145610,PELETERIA NATURAL
ESP,48,145620,PELETERIA ARTIFICIAL
ESP,48,146100,"ASERRADO Y PREPARACION INDUSTRIAL MADERA (ASERRADO,CEPILLADO,PULIDO,LAVADO,ET)"
ESP,48,146210,CHAPAS DE MADERA
ESP,48,146220,"MADERAS CHAPADAS, CONTRACHAPADAS Y TABLEROS CELULARES"
ESP,48,146230,TABLEROS Y PANELES DE FIBRAS Y DE PARTICULAS
ESP,48,146240,MADERAS MEJORADAS
ESP,48,146300,"FABRICACION EN SERIE PIEZAS CARPINTERIA, PARQUET Y ESTRUCT.MADERA PARA CONSTR."
ESP,48,146400,FABRICACION DE ENVASES Y EMBALAJES DE MADERA
ESP,48,146500,FABRICACION DE OBJETOS DIVERSOS DE MADERA (EXCEPTO MUEBLES)
ESP,48,146600,FABRICACION DE PRODUCTOS DE CORCHO
ESP,48,146700,"FABRICACION ARTIC.JUNCO Y CAÑA, CESTERIA, BROCHAS, CEPILLOS,ETC.(EXCEP.MUEBLE)"
ESP,48,146810,FABRICACION DE MOBILIARIO DE MADERA PARA EL HOGAR
ESP,48,146820,FABRICACION DE MOLIBIARIO DE MADERA ESCOLAR Y DE OFICINA
ESP,48,146830,"FABRICACION DE MUEBLES DIVERSOS DE MADERA, JUNCO, MIMBRE Y CAÑA"
ESP,48,146840,FABRICACION DE ATAUDES
ESP,48,146850,"ACTIVIDADES ANEXAS A LA INDUSTRIA DEL MUEBLE (ACABADO,BARNIZADO,TAPIZADO,ETC.)"
ESP,48,147100,FABRICACION DE PASTA PAPELERA
ESP,48,147200,FABRICACION DE PAPEL Y CARTON
ESP,48,147310,FABRICACION DE CARTON ONDULADO Y ARTICULOS DE CARTON ONDULADO
ESP,48,147320,FABRICACION DE OTROS ARTICULOS DE ENVASE Y EMBALAJE EN PAPEL Y CARTON
ESP,48,147330,"FABRICACION DE ARTICULOS DE OFICINA, ESCRITORIO, ETC., DE PAPEL Y CARTON"
ESP,48,147340,FABRICACION DE ARTICULOS DE DECORACION Y DE USO DOMESTICO DE PAPEL Y CARTON
ESP,48,147390,FABRICACION DE OTROS MANIPULADOS DE PAPEL Y CARTON N.C.O.P.
ESP,48,147400,ARTES GRAFICAS (IMPRESION GRAFICA)
ESP,48,147410,IMPRESION DE TEXTOS O IMAGENES POR CUALQUIER PROCEDIMIENTO O SISTEMA
ESP,48,147500,ACTIVIDADES ANEXAS A LAS ARTES GRAFICAS
ESP,48,147610,EDICION DE LIBROS
ESP,48,147620,EDICION DE PERIODICOS Y REVISTAS
ESP,48,147690,OTRAS EDICIONES N.C.O.P.
ESP,48,148110,FABRICACION DE CUBIERTAS Y CAMARAS
ESP,48,148120,RECAUCHUTADO Y RECONSTRUCCION DE CUBIERTAS
ESP,48,148190,FABRICACION DE OTROS ARTICULOS DE CAUCHO N.C.O.P.
ESP,48,148210,FABRICACION DE PRODUCTOS SEMIELABORADOS DE MATERIAS PLASTICAS
ESP,48,148220,FABRICACION DE ARTICULOS ACABADOS DE MATERIAS PLASTICAS
ESP,48,149110,FABRICACION DE JOYERIA
ESP,48,149120,FABRICACION DE BISUTERIA
ESP,48,149200,FABRICACION DE INSTRUMENTOS DE MUSICA
ESP,48,149300,LABORATORIOS FOTOGRAFICOS Y CINEMATOGRAFICOS
ESP,48,149410,"FABRICACION DE JUEGOS, JUGUETES Y ARTICULOS DE PUERICULTURA"
ESP,48,149420,FABRICACION DE ARTICULOS DE DEPORTE
ESP,48,149510,FABRICACION DE ARTICULOS DE ESCRITORIO
ESP,48,149590,FABRICACION DE OTROS ARTICULOS N.C.O.P.
ESP,48,150110,"CONSTRUCCION COMPLETA, REPARACION Y CONSERVACION DE INMUEBLES"
ESP,48,150120,"CONSTRUCCION COMPLETA, REPARACION Y CONSERVACION DE OBRAS CIVILES"
ESP,48,150130,ALBAÑILERIA Y PEQUEÑOS TRABAJOS DE CONSTRUCCION EN GENERAL
ESP,48,150210,DEMOLICIONES Y DERRIBOS EN GENERAL
ESP,48,150220,"CONSOLIDACION Y PREP.TERRENO PARA CONST.EDIFIC.INCLUIDO SIST.AGOTAMIENTO,DRAGA"
ESP,48,150230,"CONSOLIDACION Y PREP.TERRENO REALIZACION OBRA CIVIL,INCL.SIST.AGOTAMIEN.DRAGA."
ESP,48,150240,CIMENTACIONES Y PAVIMENTACIONES PARA LA CONSTRUCCION DE EDIFICACIONES
ESP,48,150250,CIMENTACIONES Y PAVIMENTACIONES EN OBRAS CIVILES
ESP,48,150260,PERFORACIONES PARA ALUMBRAMIENTOS DE AGUA
ESP,48,150310,PREPARACION Y MONTAJE DE ESTRUCTURAS Y CUBIERTAS Y CUBRICIONES EN EDIFICACION.
ESP,48,150320,PREPARACION Y MONTAJE DE ESTRUCTURAS Y CUBIERTAS Y CUBRICIONES EN OBRAS CIVIL.
ESP,48,150330,"MONTAJE, INSTAL.ESTRUCT. METALICA PARA TRANSPORTE,PUERTO,OBRA HIDRAULICA,PUENT"
ESP,48,150340,ELABO.OBRA PIEDRA NATURAL O ARTIF.MAT.CONST.SIN EMPLEO MAQ.MOV.MEC.NI + 4 OBRE
ESP,48,150411,"INSTALACIONES ELECTRICAS EN GENERAL, REDES TELEGRAFICAS, TELEFONIA, TV, ETC."
ESP,48,150412,INSTALACIONES ELECTRICAS EN TODA CLASE DE EDIFICIOS
ESP,48,150420,INSTALACIONES DE FONTANERIA
ESP,48,150430,"INSTALACIONES DE FRIO, CALOR Y ACONDICIONAMIENTO DE AIRE"
ESP,48,150440,INSTALACION DE PARARRAYOS Y SIMILARES
ESP,48,150450,"MONTAJE E INSTAL.COCINAS TODO TIPO Y CLASE,SUS ACCESORIOS,TODO USO,MENOS IND."
ESP,48,150460,MONTAJE E INSTALACION DE APARATOS ELEVADORES DE CUALQUIER CLASE Y TIPO
ESP,48,150470,"INSTALACION TELEFONICA,TELEGRAFICA,TEL.SIN HILO Y TV,EN EDIF.Y CONST.CQ.CLASE"
ESP,48,150480,"MONTAJE METALICO E INSTALACION INDUS.COMPLETA,SIN VENDER NI APORTAR MAQUINARIA"
ESP,48,150510,REVESTIMIENTOS EXTERIORES E INTERIORES DE TODAS CLASES Y EN TODO TIPO DE OBRAS
ESP,48,150520,SOLADOS Y PAVIMENTOS DE TODAS CLASES Y EN CUALQUIER TIPO DE OBRAS
ESP,48,150530,PREPARACION Y COLOCACION DE SOLADOS Y PAVIMENTOS DE MADERA DE CUALQUIER CLASE
ESP,48,150540,"COLOCACION AISLAMIENTO FONICO,TERMICO,ACUSTICO CQ.CLASE Y TIPO OBRA;IMPERMEABI"
ESP,48,150550,CARPINTERIA Y CERRAJERIA.
ESP,48,150560,"PINTURA, REVESTIMINETOS CON PAPEL, TEJIDOS O PLASTICOS Y DECORACION DE EDIFIC."
ESP,48,150570,TRABAJOS EN YESO Y ESCAYOLA Y DECORACION DE EDIFICIOS Y LOCALES.
ESP,48,150600,SERVICIOS AUXILIARES DE LA CONSTRUCCION Y DRAGADOS
ESP,48,150700,"CONSTRUCCION, REPARACION Y CONSERVACION DE TODA CLASE DE OBRAS"
ESP,48,150800,AGRUPACIONES Y UNIONES TEMPORALES DE EMPRESAS
ESP,48,161100,COMERCIO POR MAYOR TODA CLASE MERCANCIAS ESPECIFIC.EN GRUPOS 612 AL 617 Y 619
ESP,48,161210,"COMERCIO MAYOR TODA CLASE P.ALIMENTICIO,BEBIDA Y TABACO ESPEC.EP.612.2 A.7Y.9"
ESP,48,161220,"MAY.CEREAL,SIMIENTE,PLANTA,ABONO,SUST.FERTILI.PLAGUICIDA,ANIMAL VIVO,TAB.RAMA,"
ESP,48,161230,"COMERCIO POR MAYOR FRUTAS Y FRUTOS,VERDURA,PATATAS,LEGUMBRE FRESCA Y HORTALIZA"
ESP,48,161240,"COMERCIO MAYOR CARNES,PROD.Y DERIV.CARNICOS ELABORADOS,HUEVOS,AVES Y CAZA"
ESP,48,161250,"COMERCIO AL POR MAYOR DE LECHE, PRODUCTOS LACTEOS, MIEL Y GRASAS COMESTIBLES"
ESP,48,161260,COMERCIO AL POR MAYOR DE BEBIDAS Y TABACO
ESP,48,161270,COMERCIO AL POR MAYOR DE VINOS Y VINAGRES DEL PAIS
ESP,48,161280,COMERCIO AL POR MAYOR DE PESCADOS Y OTROS PRODUCTOS DE LA PESCA Y ACUICULTURA
ESP,48,161290,"COMERCIO AL POR MAYOR DE OTROS PTOS.ALIMENTICIOS, HELADOS, ETC."
ESP,48,161310,"COMERCIO MAYOR TODA CLASE P.TEXTIL,CONFEC.CALZADO Y ART.CUERO EP.613.2 A .5-.9"
ESP,48,161320,"COMERCIO AL POR MAYOR DE TEJIDOS POR METROS, TEXTILES PARA EL HOGAR Y ALFOMBRA"
ESP,48,161330,COMERCIO AL POR MAYOR DE PRENDAS EXTERIORES DE VESTIR
ESP,48,161340,"COMERCIO AL POR MAYOR DE CALZADO,PELETERIA, ARTICULOS DE CUERO Y MARROQUINERIA"
ESP,48,161350,"COMERCIO AL POR MAYOR DE CAMISERIA, LENCERIA, MERCERIA Y GENEROS DE PUNTO"
ESP,48,161390,COMERCIO AL POR MAYOR DE ACCESORIOS DEL VESTIDO Y OTROS PROD.TEXTILES N.C.O.P.
ESP,48,161410,COMERCIO AL POR MAYOR DE PRODUCTOS FARMACEUTICOS Y MEDICAMENTOS
ESP,48,161420,"COMERCIO AL POR MAYOR DE PRODUCTOS DE PERFUMERIA, DROGUERIA, HIGIENE Y BELLEZA"
ESP,48,161430,COMERCIO POR MAYOR DE PRODUCTOS PARA EL MANTENIMIENTO Y FUNCIONAMIENTO HOGAR
ESP,48,161440,COMERCIO AL POR MAYOR DE PRODUCTOS ZOOSANITARIOS
ESP,48,161510,"COMERCIO AL POR MAYOR DE VEHICULOS, MOTOCICLETAS, BICICLETAS Y SUS ACCESORIOS"
ESP,48,161520,COMERCIO AL POR MAYOR DE MUEBLES
ESP,48,161530,COMERCIO AL POR MAYOR DE APARATOS ELECTRODOMESTICOS Y FERRETERIA
ESP,48,161540,COMERCIO AL POR MAYOR DE APARATOS Y MATERIAL RADIOELECTRICOS Y ELECTRONICOS
ESP,48,161550,COMERCIO AL POR MAYOR DE OBRAS DE ARTE Y ANTIGUEDADES
ESP,48,161560,GALERIAS DE ARTE
ESP,48,161590,COMERCIO MAYOR OTROS ARTICULOS DE CONSUMO DURADERO NO ESPECIFIC.EP.ANTERIORES
ESP,48,161610,COMERCIO AL POR MAYOR DE CARBON
ESP,48,161620,COMERCIO AL POR MAYOR DE HIERRO Y ACERO
ESP,48,161630,COMERCIO AL POR MAYOR DE MINERALES
ESP,48,161640,COMERCIO AL POR MAYOR DE METALES NO FERREOS EN BRUTO Y PRODUCTOS SEMIELABORADO
ESP,48,161650,COMERCIO AL POR MAYOR DE PETROLEO Y LUBRICANTES
ESP,48,161660,COMERCIO AL POR MAYOR DE PRODUCTOS QUIMICOS INDUSTRIALES
ESP,48,161690,OTRO CONSUMO POR MAYOR INTERINDUSTRIAL DE LA MINERIA Y QUIMICA NO ESP.EP.ANTER
ESP,48,161710,COMERCIO AL POR MAYOR DE FIBRAS TEXTILES BRUTAS Y PRODUCTOS SEMIELABORADOS
ESP,48,161720,COMERCIO AL POR MAYOR DE CUEROS Y PIELES EN BRUTO
ESP,48,161730,COMERCIO AL POR MAYOR DE MADERA Y CORCHO
ESP,48,161740,"COMERCIO POR MAYOR DE MATERIALES DE CONSTRUCCION,VIDRIO Y ART.DE INSTALACION"
ESP,48,161750,COMERCIO AL POR MAYOR DE MAQUINARIA PARA LA MADERA Y EL METAL
ESP,48,161760,COMERCIO AL POR MAYOR DE MAQUINARIA AGRICOLA
ESP,48,161770,COMERCIO AL POR MAYOR DE MAQUINARIA TEXTIL
ESP,48,161780,COMERCIO AL POR MAYOR DE MAQUINAS Y MATERIAL DE OFICINA
ESP,48,161790,"COMERCIO MAYOR INTERINDUSTRIAL (EXCEP.MINERIA,QUIMICA) OTROS PROD.MAQ.N.C.O.P."
ESP,48,161810,COMERCIALES EXPORTADORAS (EXPORTACION DE TODA CLASE DE MERCANCIAS)
ESP,48,161820,"COMERCIO AL POR MAYOR DE TODA CLASE DE MERCANCIAS,EN ZONAS Y DEPOSITOS FRANCOS"
ESP,48,161910,COMERCIO AL POR MAYOR DE JUGUETES Y ARTICULOS DE DEPORTE
ESP,48,161920,"COMERCIO MAYOR APARATOS E INSTRUMENTOS MEDICOS,ORTOPEDICOS,OPTICOS Y FOTOGRAF."
ESP,48,161930,"COMERCIO MAYOR METALES PRECIOSOS, ARTICULOS DE JOYERIA, BISUTERIA Y RELOJERIA"
ESP,48,161940,COMERCIO AL POR MAYOR DE PRODUCTOS DE PAPEL Y CARTON
ESP,48,161950,"COMERCIO MAYOR ARTICULOS PAPELERIA Y ESCRITORIO,ARTIC. DIBUJO Y BELLAS ARTES"
ESP,48,161960,"COMERCIO AL POR MAYOR DE LIBROS, PERIODICOS Y REVISTAS"
ESP,48,161970,"COMERCIO AL POR MAYOR DE INSTRUMENTOS DE PRECISION, MEDIDA Y SIMILARES"
ESP,48,161980,COMPRA-VENTA DE GANADO
ESP,48,161990,COMERCIO AL POR MAYOR DE OTROS PRODUCTOS N.C.O.P.
ESP,48,162100,COMERCIO AL POR MAYOR DE CHATARRA Y METALES DE DESECHO FERREOS Y NO FERREOS
ESP,48,162200,COMERCIO AL POR MAYOR DE OTROS PRODUCTOS DE RECUPERACION
ESP,48,162300,RECUPERACION Y COMERCIO DE RESIDUOS FUERA DE ESTABLECIMIENTO PERMANENTE
ESP,48,163100,INTERMEDIARIOS DEL COMERCIO
ESP,48,164100,"COMERCIO AL POR MENOR DE FRUTAS, VERDURAS, HORTALIZAS Y TUBERCULOS"
ESP,48,164210,"MENOR CARNES Y DESPOJOS;PROD.Y DERIV.CARNICOS ELABOR;HUEVOS,AVES,CONEJOS GRAN."
ESP,48,164220,"MENOR,EN DEPENDENCIA DE VENTA DE CARNICERIAS-CHARCUTERIAS, CARNE FRESCA Y DER."
ESP,48,164230,"MENOR, EN DEPENDENCIA DE VENTA CARNICERIA-SALCHICHERIA,CARNE FRESCA Y CONGELA."
ESP,48,164240,"MENOR, EN CARNICERIA, CARNE FRESCA Y CONGELADA, DESPOJO Y PROD.DERIV.CARN.ELAB"
ESP,48,164250,"MENOR DE HUEVOS,AVES,CONEJOS DE GRANJA,CAZA; Y PROD. DERIVADOS DE LOS MISMOS"
ESP,48,164260,"MENOR CASQUERIAS,VISCERA Y DESPOJO PROCEDENTE ANIMALES DE ABASTO,FRESCO-CONGE."
ESP,48,164310,COMERCIO POR MENOR PESCADO Y OTROS PRODUCTOS DE PESCA Y ACUICULTURA Y CARACOL.
ESP,48,164320,COMERCIO AL POR MENOR DE BACALAO Y OTROS PESCADOS EN SALAZON
ESP,48,164410,"COMERCIO POR MENOR PAN,PASTELERIA,CONFITERIA Y SIMILARES Y LECHE Y PRO.LACTEOS"
ESP,48,164420,"DESPACHOS DE PAN, PANES ESPECIALES Y BOLLERIA"
ESP,48,164430,"COMERCIO AL POR MENOR DE PRODUCTOS DE PASTELERIA, BOLLERIA Y CONFITERIA"
ESP,48,164440,COMERCIO AL POR MENOR DE HELADOS
ESP,48,164450,COMERCIO AL POR MENOR DE BOMBONES Y CARAMELOS
ESP,48,164460,"MENOR MASAS FRITAS,PATATAS F.PRO.APERITIVO,FRUTO SECO,GOLOSINA,PRE.CHOCO.BEBI."
ESP,48,164500,COMERCIO AL POR MENOR DE VINOS Y BEBIDAS DE TODAS CLASES
ESP,48,164610,"MENOR LABORES TABACO TODA CLASE Y FORMA EN EXPENDEDURIA GRAL.,ESPEC.E INTERIO."
ESP,48,164620,MENOR LABORES TABACO TODA CLASE Y FORMA EN EXTENSION TRANSITORIA DE EXPE.GRAL.
ESP,48,164630,MENOR LABORES DE TABACO TODA CLASE Y FORMA EN EXPENDE.CARACTER COMPLEMENTARIO
ESP,48,164640,"MENOR LABORES TABACO,EN ESTABLECI.EN REGIMEN DE AUTORIZACION VENTA CON RECARGO"
ESP,48,164651,"CUOTA MUNICIPAL, EL TITULAR DEL ESTABLECIMIENTO"
ESP,48,164652,"CUOTA ESTATAL, EL PROPIETARIO DE LA MAQUINA"
ESP,48,164660,"MENOR TABACOS TODAS CLASES Y FORMAS, LOCALID.DONDE NO ESTA ESTANCADA LA VENTA"
ESP,48,164670,MENOR LABORES TABACO REALIZADO POR MINUSVA.FISI.TITULARES AUTORIZACION ESPECI.
ESP,48,164680,COMERCIO AL POR MENOR DE ARTICULOS PARA FUMADORES
ESP,48,164710,MENOR CUALQUIER CLASE PRODUCTOS ALIMENTICIOS Y BEBIDAS EN ESTABL.CON VENDEDOR
ESP,48,164720,MENOR CUALQUIER CLASE ALIMENTOS Y BEBIDAS EN AUTOSER.O MIXTO SUP.MENOR 120 M2
ESP,48,164730,MENOR CUALQUIER CLASE ALIMENTOS Y BEBIDAS EN AUTOSER.O MIXTO ENTRE 120 Y 399 M
ESP,48,164740,MENOR CUALQUIER CLASE ALIMENTOS Y BEBIDAS AUTOSER.O MIXTO SUP.IGUAL O + 400 M2
ESP,48,164751,"CUOTA MUNICIPAL, EL TITULAR DEL ESTABLECIMIENTO"
ESP,48,164752,"CUOTA ESTATAL, EL PROPIETARIO DE LA MAQUINA"
ESP,48,165110,"MENOR PROD.TEXTIL,CONFECCION PARA EL HOGAR,ALFOMBRA Y SIMILAR Y ART.TAPICERIA"
ESP,48,165120,COMERCIO AL POR MENOR DE TODA CLASE DE PRENDAS PARA EL VESTIDO Y TOCADO
ESP,48,165130,"COMERCIO AL POR MENOR DE CAMISERIA, LENCERIA Y CORSETERIA"
ESP,48,165140,COMERCIO AL POR MENOR DE ARTICULOS DE MERCERIA Y PAQUETERIA
ESP,48,165150,COMERCIO AL POR MENOR DE PRENDAS ESPECIALES
ESP,48,165160,"MENOR CALZADO,ART.PIEL E IMITACION O PROD.SUSTITUTIVO,CINTURON,CARTERA,BOLSO,"
ESP,48,165170,COMERCIO AL POR MENOR DE CONFECCIONES DE PELETERIA
ESP,48,165210,"FARMACIAS:COMERCIO MENOR MEDICAMENTOS,PROD.SANITARIOS Y DE HIGIENE PERSONAL"
ESP,48,165220,"MENOR PROD.DROGUERIA,PERFUMERIA Y COSMETICA,LIMPIEZA,PINTURA,BARNICES,DISOLVE."
ESP,48,165230,"MENOR PROD.PERFUMERIA Y COSMETICA, Y ARTICULOS PARA LA HIGIENE Y ASEO PERSONAL"
ESP,48,165240,COMERCIO AL POR MENOR DE PLANTAS Y HIERBAS EN HERBOLARIOS
ESP,48,165310,COMERCIO AL POR MENOR DE MUEBLES (EXCEPTO LOS DE OFICINA)
ESP,48,165320,"MENOR MATERIAL Y APARATOS ELECTRICOS,ELECTRONICOS Y ELECTRODOMESTICOS Y OTROS"
ESP,48,165330,"MENOR ART.MENAJE Y FERRET.ADORNO, REGALO Y RECLAMO (INC.BISUTE.Y PEQ.ELECTROD."
ESP,48,165340,MENOR DE MATERIALES DE CONSTRUCCION Y DE ARTICULOS Y MOBILIARIO DE SANEAMIENTO
ESP,48,165350,"MENOR PUERTA, VENTA.Y PERSIA.,MOLDURA Y MARCO,TARIMA Y PARQUET-MOSAICO,CESTER."
ESP,48,165360,COMERCIO AL POR MENOR DE ARTICULOS DE BRICOLAGE
ESP,48,165390,MENOR DE OTROS ARTICULOS PARA EL EQUIPAMIENTO DEL HOGAR N.C.O.P.
ESP,48,165410,COMERCIO AL POR MENOR DE VEHICULOS TERRESTRES
ESP,48,165420,COMERCIO POR MENOR DE ACCESORIOS Y PIEZAS RECAMBIO PARA VEHICULOS TERRESTRES
ESP,48,165430,COMERCIO AL POR MENOR DE VEHICULOS AEREOS
ESP,48,165440,COMERCIO POR MENOR VEHICULOS FLUVIALES Y MARITIMOS DE VELA O MOTOR Y DEPORTIV.
ESP,48,165450,"COMERCIO MENOR TODA CLASE MAQUINARIA(EXC.APAR.HOGAR,OFIC.MEDIC.ORTOP.OPTI.FOT)"
ESP,48,165460,"COMERCIO MENOR DE CUBIERTAS, BANDAS Y CAMARAS PARA TODA CLASE DE VEHICULOS."
ESP,48,165510,"COMERCIO POR MENOR COMBUSTIBLES DE TODAS CLASES, EXCEPTO GASES Y CARBURANTES"
ESP,48,165520,COMERCIO AL POR MENOR DE GASES COMBUSTIBLES DE TODAS CLASES
ESP,48,165530,COMERCIO POR MENOR DE CARBURANTES PARA SURTIDO VEHICULO Y ACEITE Y GRASA LUBR.
ESP,48,165540,SERVICIOS DE RECARGA ENERGETICA PARA VEHICULOS ELECTRICOS EN EL AMBITO PRIVADO
ESP,48,165550,SERVICIOS DE RECARGA ENERGETICA PARA VEHICULOS ELECTRICOS EN EL AMBITO PUBLICO
ESP,48,165600,"COMERCIO MENOR DE BIENES USADOS, COMO MUEBLES, PRENDAS Y ENSERES ORDINARIOS"
ESP,48,165700,COMERCIO MENOR DE INSTRUMENTOS MUSICALES Y SUS ACCESORIOS
ESP,48,165910,"COMERCIO MENOR SELLO,MONEDAS,OBRAS ARTE, ANTIGUEDADES,OBJETSO DE COLECCION."
ESP,48,165920,COMERCIO AL POR MENOR DE MUEBLES DE OFICINA Y DE MAQUINAS Y EQUIPOS DE OFICINA
ESP,48,165930,"COMERCIO MENOR APARATOS E INSTRUMENTOS MEDICOS,ORTOPEDICOS,OPTICOS Y FOTOGFRA."
ESP,48,165940,"COMERCIO MENOR LIBROS, PERIODICOS, ART.PAPEL.Y ESCRIT.Y DIBUJO Y BELLAS ARTES"
ESP,48,165950,"COMERCIO AL POR MENOR DE ARTICULOS DE JOYERIA, RELOJERIA, PLATERIA Y BISUTERIA"
ESP,48,165960,"COMERCIO POR MENOR JUGUETE,ART.DEPORTE,PRENDA DEPORTIVA,CALZADO Y TOCADO,ARMAS"
ESP,48,165970,"COMERCIO AL POR MENOR DE SEMILLAS, ABONOS,FLORES Y PLANTAS Y PEQUEÑOS ANIMALES"
ESP,48,165980,COMERCIO AL POR MENOR DENOMINADO -SEXSHOP-
ESP,48,165990,"COMERCIO MENOR OTROS PRODUCTOS NO ESPECIFICADOS EN AGRUP.65, EXCEPTO EP.653.9"
ESP,48,166110,COMERCIO EN GRANDES ALMACENES DE VARIAS GAMAS DE PRODUCTOS
ESP,48,166120,"COMERCIO EN HIPERMERCADOS, DE AMPLIO SURTIDO DE PROD.ALIMENTICIO Y NO ALIMENT,"
ESP,48,166130,"COMERCIO EN ALMACENES POPULARES, DE UN SURTIDO DE BIENES DE CONSUMO"
ESP,48,166190,"OTRO COMERCIO MIXTO O INTEGRADO EN GRANDES SUPERFICIES, ENTENDIENDO POR TAL EL REALIZADO DE FORMA ESPECIALIZADA EN ESTABLECIMIENTOS CON UNA SUPERFICIE ÚTIL PARA LA EXPOSICIÓN Y VENTA AL PÚBLICO IGUAL O SUPERIOR A LOS 2.500 M²"
ESP,48,166210,COMERCIO AL POR MENOR DE TODA CLASE ART.DE ECONOMATOS Y COOPERATIVAS CONSUMO
ESP,48,166220,"COMERCIO MENOR TODA CLASE ARTICULOS,EN ESTABL.DISTINTO A GRUPO 661 6 EP.662.1"
ESP,48,166310,"COMERCIO MENOR FUERA ESTAB.COMERC.PROD.ALIMENTICIOS,INCLUSO BEBIDAS Y HELADOS"
ESP,48,166320,COMERCIO MENOR FUERA DE ESTABL.COMERCIAL PERMANENTE ART.TEXTILES Y CONFECCION
ESP,48,166330,"COMERCIO MENOR FUERA DE ESTABLEC.COMERCIAL PERMANENTE CALZADO,PIELES,ART.CUERO"
ESP,48,166340,COMERCIO MENOR FUERA ESTABL.COMER.PERMA.ART.DROGUERIA Y COSMETICO Y PRO.QUIMI.
ESP,48,166390,COMERCIO MENOR FUERA ESTAB.COMER.PERMANENTE DE OTRA CLASE DE MERCANCIA N.C.O.P
ESP,48,166411,"CUOTA MUNICIPAL, EL TITULAR DEL ESTABLECIMIENTO"
ESP,48,166412,"CUOTA ESTATAL, EL PROPIETARIO DE LAS VITRINAS"
ESP,48,166420,PUNTOS DE RECARGA DE VEHÍCULOS ELÉCTRICOS
ESP,48,166491,"CUOTA MUNICIPAL, EL TITULAR DEL ESTABLECIMIENTO"
ESP,48,166492,"CUOTA ESTATAL, EL PROPIETARIO DE LOS APARATOS"
ESP,48,166500,COMERCIO AL POR MENOR POR CORREO O POR CATALOGO DE PRODUCTOS DIVERSOS
ESP,48,167110,RESTAURANTE DE CINCO TENEDORES
ESP,48,167120,RESTAURANTE DE CUATRO TENEDORES
ESP,48,167130,RESTAURANTE DE TRES TENEDORES
ESP,48,167140,RESTAURANTE DE DOS TENEDORES
ESP,48,167150,RESTAURANTE DE UN TENEDOR
ESP,48,167210,CAFETERIA DE TRES TAZAS
ESP,48,167220,CAFETERIA DE DOS TAZAS
ESP,48,167230,CAFETERIA DE UNA TAZA
ESP,48,167310,BAR DE CATEGORIA ESPECIAL
ESP,48,167320,OTROS CAFES Y BARES
ESP,48,167410,SERVICIO BAR RESTAURANTE EN VEHICULOS DE TRACCION MECANICA
ESP,48,167420,SERVICIO BAR RESTAURANTE EN FERROCARRILES DE CUALQUIER CLASE
ESP,48,167430,SERVICIO BAR RESTAURANTE EN BARCOS
ESP,48,167440,SERVICIO BAR RESTAURANTE EN AERONAVES
ESP,48,167450,"SERVICIO BAR RESTAURANTE EN SOCIEDADES, CIRCULOS, CASINO,CLUBS,Y ESTAB.ANALOGO"
ESP,48,167460,SERVICIO BAR RESTAURANTE EN TEATROS Y ESPECTAC.ABIERTOS EN HORAS DEL ESPECTAC.
ESP,48,167470,SERVICIOS QUE SE PRESTAN EN PARQUES O RECINTOS FERIALES CLASIFICADOS EP.989.3
ESP,48,1675100,"SERVICIOS EN QUIOSCOS, CAJONES, BARRACAS, AL AIRE LIBRE EN LA VIA PUBLICA"
ESP,48,1675101,"SERVICIOS EN QUIOSCOS, CAJONES, BARRACAS, AL AIRE LIBRE EN LA VIA PUBLICA (MERCADO O PLAZA DE ABASTOS)"
ESP,48,167520,"SERVICIOS DE HOSTELERIA FUERA DE ESTABLECIMIENTO PERMANENTE, TXOZNAS -15 DIAS"
ESP,48,167600,"SERVICIOS EN CHOCOLATERIAS, HELADERIAS Y HORCHATERIAS"
ESP,48,167710,SERVICIOS ALIMENTACION PRESTADOS FUERA DE ESTABLECIMIENTO
ESP,48,167790,OTROS SERVICIOS DE ALIMENTACION PROPIOS DE LA RESTAURACION
ESP,48,168100,SERVICIO DE HOSTELERIA EN HOTELES Y MOTELES
ESP,48,168200,SERVICIO DE HOSTELERIA EN HOSTALES Y PENSIONES
ESP,48,168310,SERVICIO DE HOSTELERIA EN FONDAS Y CASAS DE HUESPEDES
ESP,48,1683200,ALOJAMIENTOS TURISTICOS AGRICOLAS (RÉGIMEN SIMPLIFICADO AGRÍCOLA)
ESP,48,1683201,ALOJAMIENTOS TURISTICOS AGRICOLAS (RÉGIMEN SIMPLIFICADO NO AGRÍCOLA)
ESP,48,168400,SERVICIO DE HOSTELERIA EN HOTELES-APARTAMENTOS
ESP,48,168500,ALOJAMIENTOS TURISTICOS EXTRAHOTELEROS
ESP,48,168600,EXPLOTACION DE APARTAMENTOS PRIVADOS A TRAVES DE AGENCIA O EMPRESA ORGANIZADA
ESP,48,168710,CAMPAMENTOS DE LUJO
ESP,48,168720,CAMPAMENTOS DE PRIMERA CLASE
ESP,48,168730,CAMPAMENTOS DE SEGUNDA CLASE
ESP,48,168740,CAMPAMENTOS DE TERCERA CLASE
ESP,48,169110,REPARACION DE ARTICULOS ELECTRICOS PARA EL HOGAR
ESP,48,169120,"REPARACION DE VEHICULOS AUTOMOVILES, BICICLETAS Y OTROS VEHICULOS"
ESP,48,1691900,REPARACION DE OTROS BIENES DE CONSUMO N.C.O.P. (EXCEPTO CALZADO)
ESP,48,1691901,REPARACION DE OTROS BIENES DE CONSUMO N.C.O.P. (CALZADO)
ESP,48,169200,REPARACION DE MAQUINARIA INDUSTRIAL
ESP,48,169900,OTRAS REPARACIONES N.C.O.P.
ESP,48,171100,TRANSPORTE FERROVIARIO POR VIA NORMAL
ESP,48,171200,TRANSPORTE FERROVIARIO POR VIA ESTRECHA
ESP,48,172110,TRANSPORTE URBANO COLECTIVO
ESP,48,172120,TRANSPORTE POR AUTOTAXIS
ESP,48,172130,TRANSPORTE DE VIAJEROS POR CARRETERA
ESP,48,172140,TRANSPORTE SANITARIO EN AMBULANCIAS
ESP,48,172200,TRANSPORTE DE MERCANCIAS POR CARRETERA
ESP,48,172900,OTROS TRANSPORTES TERRESTRES N.C.O.P.
ESP,48,173110,TRANSPORTE MARITIMO INTERNACIONAL DE PASAJEROS
ESP,48,173120,TRANSPORTE MARITIMO INTERNACIONAL DE MERCANCIAS
ESP,48,173200,TRANSPORTE MARITIMO DE CRUDOS Y GASES
ESP,48,173310,"TRANSPORTE DE CABOTAJE Y POR VIAS NAVEGABLES INTERIORES, DE VIAJEROS"
ESP,48,173320,TRANSPORTE DE CABOTAJE Y POR VIAS NAVEGABLES INTERIORES DE MERCANCIAS
ESP,48,173330,"SERVICIOS DE TRANSBORDADORES, FERRYBOATS Y ANALOGOS"
ESP,48,173340,TRANSPORTE MARITIMO DE PASAJEROS MEDIANTE LOS DENOMINADOS JET-FOIL Y SIMILARES
ESP,48,174110,TRANSPORTE AEREO NACIONAL DE VIAJEROS (SERVICIOS REGULARES)
ESP,48,174120,TRANSPORTE AEREO NACIONAL DE MERCANCIAS (SERVICIOS REGULARES)
ESP,48,174130,TRANSPORTE AEREO INTERNACIONAL DE VIAJEROS (SERVISIO REGULARES)
ESP,48,174140,TRANSPORTE AEREO INTERNACIONAL DE MERCANCIAS (SERVICIOS REGULARES)
ESP,48,174210,TRANSPORTE AEREO NACIONAL DE VIAJEROS (SERVICIOS NO REGULARES)
ESP,48,174220,TRANSPORTE AEREO NACIONAL DE MERCANCIAS (SERVICIOS NO REGULARES)
ESP,48,174230,TRANSPORTE AEREO INTERNACIONAL DE VIAJEROS (SERVICIOS NO REGULARES)
ESP,48,174240,TRANSPORTE AEREO INTERNACIONAL DE MERCANCIAS (SERVICIOS NO REGULARES)
ESP,48,175110,GUARDA Y CUSTODIA DE VEHICULOS EN GARAJES Y LOCALES CUBIERTOS.
ESP,48,175120,GUARDA Y CUSTODIA DE VEHICULOS EN -APARCAMIENTOS SUTERRANEOS- O -PARKINGS-
ESP,48,175130,GUARDA Y CUSTODIA DE VEHICULOS EN SOLARES O TERRENOS SIN EDIFICAR.
ESP,48,175140,"EXPLOTACION DE AUTOPISTAS, CARRETERAS, PUENTES Y TUNELES DE PEAJE."
ESP,48,175150,ENGRASE Y LAVADO DE VEHICULOS
ESP,48,175160,SERVICIO DE CARGA Y DESCARGA DE MERCANCIAS
ESP,48,175210,SERVICIOS DE PILOTAJE Y PRACTICOS EN PUERTOS
ESP,48,175220,SERVICIO DE TRANSBORDO DE UNOS BARCOS A OTROS
ESP,48,175230,SERVICIOS DE REMOLQUE DE NAVIOS
ESP,48,175240,"SERVICIOS LIMPIEZA,DESINFECCION Y SIMILARES A CARGO DE PERSONAL AJENO AL BARCO"
ESP,48,175250,SERVICIOS DE SALVAMENTO Y RECUPERACION DE BARCOS
ESP,48,175260,SERVICIOS DE CARGA Y DESCARGA DE BUQUES
ESP,48,175270,"SERVICIOS DE EXPLOTACION Y MANTENIMIENTO DE PUERTO, CANALES, DIQUES, ETC."
ESP,48,175280,SERVICIO DE SEÑALES MARITIMAS Y COSTERAS
ESP,48,175310,TERMINALES DE LINEAS DE TRANSPORTE AEREO EN AEROPUERTOS
ESP,48,175320,SERVICIOS DE CONTROL DE NAVEGACION AEREA
ESP,48,175330,SERVICIOS DE HANGARES Y ESTACIONAMIENTO DE AERONAVES
ESP,48,175340,"SERVICIOS DE REMOLQUE, LIMPIEZA Y MANTENIMIENTO DE AERONAVES"
ESP,48,175350,EXPLOTACION INTEGRAL DE LOS AEROPUERTOS
ESP,48,175390,OTROS SERVICIOS ANEXOS AL TRANSPORTE AEREO N.C.O.P.
ESP,48,175410,DEPOSITOS Y ALMACENES GENERALES
ESP,48,175420,DEPOSITOS Y ALMACENES DE VEHICULOS
ESP,48,175430,SILOS Y OTROS ALMACENES DE GRANOS
ESP,48,175440,ALMACENES FRIGORIFICOS
ESP,48,175450,ALMACENES Y DEPOSITOS DE LIQUIDOS
ESP,48,175460,GUARDAMUEBLES
ESP,48,175490,OTROS DEPOSITOS Y ALMACENES ESPECIALES N.C.O.P.
ESP,48,175500,AGENCIAS DE VIAJES
ESP,48,175600,ACTIVIDADES AUXILIARES Y COMPLEMENTARIAS DEL TRANSPORTE (INTERMEDIA.TRANSPOR.)
ESP,48,175700,SERVICIOS DE MUDANZAS
ESP,48,176110,SERVICIO DE TELEFONÍA FIJA
ESP,48,176120,SERVICIO DE TELEFONÍA MÓVIL
ESP,48,176900,OTROS SERVICIOS DE TELECOMUNICACION
ESP,48,181100,BANCA
ESP,48,181200,CAJAS DE AHORRO
ESP,48,181910,INSTITUCIONES DE CREDITO
ESP,48,181920,ESTABLECIMIENTOS FINACIEROS DE CREDITO
ESP,48,181930,ESTABLECIMIENTOS FINANCIEROS DE CREDITO (PRESTAMOS Y CREDITO)
ESP,48,181940,ESTABLECIMIENTOS FINANCIEROS DE CREDITO (FACTORING)
ESP,48,181950,ESTABLECIMIENTOS FINANCIEROS DE CREDITO (ARRENDAMIENTO FINANCIERO)
ESP,48,181960,ENTIDADES DE CAMBIO DE MONEDA
ESP,48,181990,OTRAS ENTIDADES FINANCIERAS N.C.O.P.
ESP,48,182100,ENTIDADES ASEGURADORAS DE VIDA Y CAPITALIZACION
ESP,48,182200,ENTIDADES ASEGURADORAS DE ENFERMEDAD Y RIESGOS DIVERSOS
ESP,48,182300,"OTRAS ENTIDADES ASEGURADORAS (MONTEPIOS, CAJA DE PENSIONES ETC.)"
ESP,48,183110,SERVICIOS DE COMPRA Y VENTA Y CONTRATACION DE VALORES MOBILIARIOS
ESP,48,183120,SERVICIOS FINANCIEROS DE CONTRATACION DE PRODUCTOS
ESP,48,183130,SERVICIOS DE COMPENSACION BANCARIA
ESP,48,183190,OTROS SERVICIOS FINANCIEROS N.C.O.P.
ESP,48,183210,AGENCIAS DE SEGUROS Y CORREDURIAS DE SEGUROS
ESP,48,183220,SERVICIOS DE TASACION Y TARIFACION DE SEGUROS
ESP,48,183290,OTROS SERVICIOS AUXILIARES DE SEGUROS N.C.O.P.
ESP,48,183311,PROMOCION DE TERRENOS - CUOTA FIJA
ESP,48,183321,PROMOCION DE EDIFICACIONES - CUOTA FIJA
ESP,48,183400,SERVICIOS RELATIVOS A LA PROPIEDAD INMOBILIARIA Y A LA PROPIEDAD INDUSTRIAL
ESP,48,184100,SERVICIOS JURIDICOS
ESP,48,184200,SERVICIOS FINANCIEROS Y CONTABLES
ESP,48,184310,SERVICIOS TECNICOS DE INGENIERIA
ESP,48,184320,SERVICIOS TECNICOS DE ARQUITECTURA Y URBANISMO
ESP,48,184330,SERVICIOS TECNICOS DE PROSPECCIONES Y ESTUDIOS GEOLOGICOS
ESP,48,184340,SERVICIOS TECNICOS DE TOPOGRAFIA
ESP,48,184350,SERVICIOS TECNICOS DE DELINEACION
ESP,48,184360,INSPECCION TECNICA DE VEHICULOS
ESP,48,184390,OTROS SERVICIOS TECNICOS N.C.O.P.
ESP,48,184400,"SERVICIOS DE PUBLICIDAD, RELACIONES PUBLICAS Y SIMILARES"
ESP,48,184500,EXPLOTACION ELECTRONICA POR CUENTA DE TERCEROS
ESP,48,184600,EMPRESAS DE ESTUDIOS DE MERCADO
ESP,48,184700,EMPRESAS DE CONSULTORIA
ESP,48,184810,SERVICIOS INTEGRALES DE CORREOS Y TELECOMUNICACIONES
ESP,48,184820,"SERVICIOS DE OFICINA FLEXIBLE, “COWORKING” Y CENTROS DE NEGOCIOS"
ESP,48,184910,COBROS DE DEUDAS Y CONFECCION DE FACTURAS
ESP,48,184920,"SERVICIOS MECANOGRAFICOS,TAQUIGRAFICOS,REPRODUCCION DE ESCRITOS,PLANOS Y DOCU."
ESP,48,184930,SERVICIOS DE TRADUCCION Y SIMILARES
ESP,48,184940,"SERVICIOS DE CUSTODIA, SEGURIDAD Y PROTECCION"
ESP,48,1849501,"SERVICIOS DE RECADERIA, REPARTO Y MANIPULACION DE CORRESPONDENCIA"
ESP,48,1849502,TRANSPORTE DE MENSAJERIA Y RECADERIA CON MEDIOS PROPIOS
ESP,48,184960,SERVICIOS DE COLOCACION Y SUMINISTRO DE PERSONAL
ESP,48,184970,SERVICIOS DE GESTION ADMINISTRATIVA
ESP,48,184980,MULTISERVICIOS INTENSIVOS DE PERSONAL
ESP,48,184990,OTROS SERVICIOS INDEPENDIENTES N.C.O.P.
ESP,48,185100,ALQUILER DE MAQUINARIA Y EQUIPO AGRICOLA
ESP,48,185200,ALQUILER DE MAQUINARIA Y EQUIPO PARA LA CONSTRUCCION
ESP,48,185300,"ALQUILER DE MAQUINARIA Y EQUIPO CONTABLE, DE OFICINA Y CALCULO ELECTRONICO"
ESP,48,185410,ALQUILER DE AUTOMOVILES SIN CONDUCTOR
ESP,48,185420,ALQUILER DE AUTOMOVILES SIN CONDUCTOR EN REGIMEN DE - RENTING -
ESP,48,185510,ALQUILER DE AERONAVES DE TODAS CLASES
ESP,48,185520,ALQUILER DE EMBARCACIONES
ESP,48,185530,ALQUILER DE BICICLETAS
ESP,48,185590,ALQUILER DE OTROS MEDIOS DE TRANSPORTE N.C.O.P.
ESP,48,185610,ALQUILER DE BIENES DE CONSUMO
ESP,48,185620,ALQUILER DE PELICULAS DE VIDEO
ESP,48,185710,"ALQUILER BASCULAS,BALANZAS Y APARATOS DE PESAR Y MEDIR, EXC.CONTADORES MEDIDA"
ESP,48,185720,SERVICIO DE PESA A MEDIDA SIN ALQUILER DEL APARATO
ESP,48,185730,ALQUILER DE CONTADORES PARA AUTOMOVILES
ESP,48,185740,"ALQUILER, LECTURA Y CONSERVACION DE CONTADORES DE ENERGIA ELECTRICA"
ESP,48,185750,LECTURA Y CONSERVAC.POR TANTO ALZADO DE CONTADORES DE ENERGIA ELECTRICA
ESP,48,185760,ALQUILER LECTURA Y CONSERVACION DE CONTADORES DE GAS
ESP,48,185770,LECTURA Y CONSERVACION POR TANTO ALZADO DE CONTADORES DE GAS
ESP,48,185780,"ALQUILER, LECTURA Y CONSERVACION DE CONTADORES DE AGUA"
ESP,48,185790,LECTURA Y CONSERVACION POR UN TANTO ALZADO DE CONTADORES DE AGUA
ESP,48,1859001,ALQUILER DE OTROS BIENES MUEBLES N.C.O.P. (SIN PERSONAL PERMANENTE)
ESP,48,1859002,ALQUILER DE NEGOCIO
ESP,48,186110,ALQUILER DE VIVIENDAS
ESP,48,186120,ALQUILER DE LOCALES INDUSTRIALES Y OTROS ALQUILERES N.C.O.P.
ESP,48,186200,ALQUILER DE BIENES INMUEBLES DE NATURALEZA RUSTICA
ESP,48,191100,SERVICIOS AGRICOLAS Y GANADEROS
ESP,48,191200,SERVICIOS FORESTALES
ESP,48,192110,"SERVICIOS DE LIMPIEZA DE CALLES, VIAS PUBLICAS Y JARDINES"
ESP,48,192120,SERVICIOS DE RECOGIDA DE BASURAS Y DESECHOS
ESP,48,192130,EXTERMINIO DE ANIMALES DAÑINOS Y DE DESINFECCION DE CUALQUIER CLASE
ESP,48,192140,"SERVICIO DE ALCANTARILLADO, EVACUACION Y DEPURACION DE AGUAS RESIDUALES"
ESP,48,192150,SERVICIOS DE INCINERACION Y ELIMINACION DE BASURA Y DESECHOS
ESP,48,192160,"SERVICIOS DE PROTECCION Y ACONDICIONAMIENTO AMBIENTAL:CONTRA RUIDOS,VIBRACION."
ESP,48,192170,SERVICIOS DE PROTECCION CONTRA INCENDIOS Y ACCIDENTES
ESP,48,192180,SERVICIOS DE ADMINISTRACION DE CEMENTERIOS
ESP,48,192190,OTROS SERVICIOS DE SANEAMIENTO Y SIMILARES N.C.O.P.
ESP,48,192200,SERVICIOS DE LIMPIEZA
ESP,48,193110,"GUARDERIA Y ENSEÑANZA DE EDUCACION INFANTIL, EXCLUSIVAMENTE."
ESP,48,193120,"ENSEÑANZA DE EDUCACION: EDUCACION PRIMARIA Y/O E.S.O, EXCLUSIVAMENTE."
ESP,48,193130,"ENSEÑANZA BACHILLERATO, ORIENTACION UNIVERSITARIA, FORMACION PROFESIONAL Y CIC"
ESP,48,193140,ENSEÑANZA DE MAS DE UNA MODALIDAD DE LAS RECOGIDAS EN LOS EPIGRAFES ANTERIORES
ESP,48,193150,ENSEÑANZA DE EDUCACION SUPERIOR
ESP,48,193210,"ENSEÑANZA DE FORMACION Y PERFECCIONAMIENTO PROFESIONAL, NO SUPERIOR"
ESP,48,193220,ENSEÑANZA DE FORMACION Y PERFECCIONAMIENTO PROFESIONAL SUPERIOR
ESP,48,193310,"ENSEÑANZA DE CONDUCCION DE VEHICUOS TERRESTRES, ACUATICOS, AERONAUTICOS, ETC."
ESP,48,193320,PROMOCION DE CURSOS Y ESTUDIOS EN EL EXTRANJERO.
ESP,48,193390,"OTRAS ACTIV.ENSEÑANZA,COMO IDIOMA, CORTE-CONFEC.MECANO.TAQUI.OPOSICION N.C.O.P"
ESP,48,193400,ENSEÑANZA FUERA DE ESTABLECIMIENTO PERMANENTE
ESP,48,193510,COLEGIOS MAYORES
ESP,48,193520,RESIDENCIAS DE ESTUDIANTES
ESP,48,193600,INVESTIGACION CIENTIFICA Y TECNICA
ESP,48,194110,HOSPITALES GENERALES
ESP,48,194120,"HOSPITALES ESPECIALIZADOS (QUIRURGICOS,MATERNIDAD,INFANTILES,PSQUIATRICO,ETC.)"
ESP,48,194210,"CONSULTORIOS MEDICOS, CENTROS DE SOCORRO, SANITARIOS Y CLINICOS DE URGENCIA"
ESP,48,194220,BALNEARIOS Y BAÑOS
ESP,48,194290,"OTROS SERVICIOS SANITARIOS SIN INTERNADO, NO CLASIFICADOS EN ESTE GRUPO"
ESP,48,194300,CONSULTAS Y CLINICAS DE ESTOMATOLOGIA Y ODONTOLOGIA
ESP,48,194400,"SERVICIOS DE NATUROPATIA, ACUPUNTURA Y OTROS SERVICIOS PARASANITARIOS"
ESP,48,194500,CONSULTAS Y CLINICAS VETERINARIAS
ESP,48,195100,"ASISTENCIA Y SERV.SOCIAL.PARA NIÑO,JOVENE,DISMINUIDO FISICO Y ANCIANO, EN RES."
ESP,48,195200,"ASISTENCIA Y SERV.SOCIAL.PARA NIÑO,JOVEN,DISMINUIDO FISICO Y ANCIANO,NO RESID."
ESP,48,196110,PRODUCCION DE PELICULAS CINEMATOGRAFICAS (INCLUSO VIDEO)
ESP,48,196120,"DOBLAJE, SINCRONIZACION Y MONTAJE PELICULAS-CINTAS CINEMATOGR.NO EMPRE.PRODUC."
ESP,48,196130,DECORACIONES ESCENICAS PARA PELICULAS-CINTAS CINEMATOGRA.NO POR LA PRODUCTORA
ESP,48,196210,DISTRIBUCION Y VENTA DE PELICULA CINEMATOGR.EXC.PELICU.EN SOPORTE MAGNETOSCOP.
ESP,48,196220,DISTRIBUCION Y VENTA POR MAYOR PELICULA CINEMA.EN SOPORTE CINTA MAGNETOSCOPICA
ESP,48,196310,EXHIBICION DE PELICULAS CINEMATOGRAFICAS Y VIDEOS EN SALAS DE CINE
ESP,48,196320,EXHIBICION DE PELICULAS CINEMATOGRAFICAS Y VIDEOS AL AIRE LIBRE
ESP,48,196330,EXHIBICION PELICULAS CINEMATOGRAFICAS Y VIDEO FUERA ESTABLECIMIENTO PERMANENTE
ESP,48,196340,EXHIBICION PELICULA Y VIDEO EN ESTABL.DISTINTO DE ESPEC.EP.963.1-.2-.3 ANTERI.
ESP,48,196410,SERVICIOS DE RADIODIFUSION
ESP,48,196420,SERVICIOS DE TELEVISION
ESP,48,196430,SERVICIOS DE ENLACE Y TRANSMISION DE SEÑALES DE TELEVISION
ESP,48,196510,ESPECTACULOS EN SALAS Y LOCALES (EXCEPTO ESPECTACULOS TAURINOS)
ESP,48,196520,ESPECTACULOS AL AIRE LIBRE (EXCEPTO ESPECTACULOS TAURINOS)
ESP,48,196530,ESPECTACULOS FUERA DE ESTABLECIMIENTO PERMANENTE (EXCEPTO ESPECTACULO TAURINO)
ESP,48,196540,EMPRESAS DE ESPECTACULOS
ESP,48,196550,ESPECTACULOS TAURINOS
ESP,48,196610,BIBLIOTECAS Y MUSEOS
ESP,48,196620,"PARQUES ZOOLOGICOS, JARDINES BOTANICOS Y SIMILARES"
ESP,48,196690,OTROS SERVICIOS CULTURALES N.C.O.P.
ESP,48,196710,INSTALACIONES DEPORTIVAS
ESP,48,196720,ESCUELAS Y SERVICIOS DE PERFECCIONAMIENTO DEL DEPORTE
ESP,48,196730,ALQUILER DE ARTICULOS PARA DEPORTE EN INSTALACIONES DEPORTIVAS
ESP,48,196810,INSTALACIONES PARA LA CELEBRACION DE ESPECTACULOS DEPORTIVOS
ESP,48,196820,ORGANIZACION ESPECTACULOS DEPORTIVOS EN INSTALAC.NO TITULARIDAD DE ORGANIZADO.
ESP,48,196830,ORGANIZACION DE ESPECTACULOS DEPORTIVOS POR FEDERACIONES Y CLUBES NO PROFESIO.
ESP,48,196910,SALAS DE BAILE Y DISCOTECAS
ESP,48,196920,CASINOS DE JUEGO
ESP,48,196930,JUEGO DE BINGO
ESP,48,1969411,"MAQUINAS RECREATIVAS TIPO A. CUOTA MUNICIPAL, EL TITULAR DEL ESTABLECIMIENTO"
ESP,48,1969412,"MAQUINAS RECREATIVAS TIPO A. CUOTA ESTATAL, EL PROPIETARIO DE LA MAQUINA."
ESP,48,1969421,"MAQUINAS RECREATIVAS TIPO B. CUOTA MUNICIPAL, EL TITULAR DEL ESTABLECIMIENTO"
ESP,48,1969422,"MAQUINAS RECREATIVAS TIPI B. CUOTA ESTATAL, EL PROPIETARIO DE LA MAQUINA."
ESP,48,1969431,"MAQUINAS RECREATIVAS TIPO C. CUOTA MUNICIPAL, EL TITULAR DEL ESTABLECIMIENTO"
ESP,48,1969432,"MAQUINAS RECREATIVAS TIPO C. CUOTA ESTATAL, EL PROPIETARIO DE LA MAQUINA."
ESP,48,1969441,"MAQUINAS DE APUESTAS. CUOTA MUNICIPAL, EL TITULAR DEL ESTABLECIMIENTO"
ESP,48,1969442,"MAQUINAS DE APUESTAS. CUOTA ESTATAL, EL PROPIETARIO DE LA MAQUINA AUXILIAR"
ESP,48,196950,"JUEGOS DE BILLAR, PING-PONG, BOLOS Y OTROS"
ESP,48,196960,SALONES RECREATIVOS Y DE JUEGO
ESP,48,196970,OTRAS MAQUINAS AUTOMATICAS
ESP,48,197110,"TINTE,LIMPIEZA SECO,LAVADO Y PLANCHADO ROPAS HECHAS Y PRENDA Y ART.HOGAR USADO"
ESP,48,197120,LIMPIEZA Y TEÑIDO DE CALZADO
ESP,48,197130,ZURCIDO Y REPARACION DE ROPAS
ESP,48,197210,SERVICIOS DE PELUQUERIA DE SEÑORA Y CABALLERO
ESP,48,197220,SALONES E INSTITUTOS DE BELLEZA
ESP,48,197310,SERVICIOS FOTOGRAFICOS
ESP,48,197321,"MAQUINA AUTOMATICA FOTOGRAF.CUOTA MUNICIPAL, EL TITULAR DEL ESTABLECIMIENTO"
ESP,48,197322,"MAQUINA AUTOMATICA FOTO.CUOTA ESTATAL, EL PROPIETARIO DE LA MAQUINA"
ESP,48,197330,SERVICIOS DE COPIAS DE DOCUMENTOS CON MAQUINAS FOTOCOPIADORAS
ESP,48,197400,AGENCIAS DE PRESTACION DE SERVICIOS DOMESTICOS
ESP,48,197500,SERVICIOS DE ENMARCACION
ESP,48,197910,SERVICIOS DE POMPAS FUNEBRES
ESP,48,197920,ADORNO DE TEMPLOS Y OTROS LOCALES
ESP,48,197930,AGENCIAS MATRIMONIALES Y OTROS SERVICIOS DE RELACIONES SOCIALES
ESP,48,197940,ADIESTRAMIENTO DE ANIMALES Y OTROS SERVICIOS DE ATENCIONES ANIMALES DOMESTICOS
ESP,48,197990,OTROS SERVICIOS PERSONALES N.C.O.P.
ESP,48,198110,"CURIOSIDADES,BIEN NATURALES O ARTIFICIALES,EN PARQUES,CASTILLOS,GRUTAS,CUEVAS,"
ESP,48,198120,JARDINES DE RECREO EN LOS QUE LA ENTRADA ES POR PRECIO
ESP,48,198130,"PARQUE ATRACCIONES, INCLUIDO ACUATICOS Y ANALOGOS, DE CARACTER ESTABLE"
ESP,48,198210,"TOMBOLAS Y RIFAS AUTORIZADAS, EN ESTABLECIMIENTO PERMANENTE"
ESP,48,198220,TOMBOLAS Y RIFAS AUTORIZADAS FUERA DE ESTABLECIMIENTO PERMANENTE
ESP,48,198230,EXPOSICION DE FIGURAS DE CERA EN ESTABLECIMIENTO PERMANENTE
ESP,48,198240,"OTRAS ATRACCIONES,COMERCIO MENOR Y RESTAURACION PROPIOS DE FERIAS Y VERBENAS.."
ESP,48,198251,"ORGANIZACION Y CELEBRACION DE APUESTAS DEPORTIVAS, LOTERIAS Y OTROS JUEGOS NO"
ESP,48,198252,"EXPENDEDORES OFICIALES DE LOTERIAS, APUESTAS DEPORTIVAS INCLUIDOS EN SELAE"
ESP,48,198253,"EXPENDEDORES OFICIALES DE LOTERIAS, APUESTAS DEPORTIVAS NO INCLUIDOS EN SELAE"
ESP,48,198254,EXPENDEDORES NO OFICIALES AUTORIZADOS PARA LA RECEPCION DE APUESTAS DEPORTIVAS
ESP,48,198300,AGENCIAS DE COLOCACION DE ARTISTAS
ESP,48,198910,EXPEDICION DE BILLETES DE ESPECTACULOS PUBLICOS
ESP,48,198920,"SERVICIOS DE ORGANIZACION DE CONGRESOS, ASAMBLEAS Y SIMILARES"
ESP,48,198930,PARQUES O RECINTOS FERIALES / FERIA-PARKE EDO BARRUTIAK
ESP,48,199100,PRESTACION DE SERVICIOS POR SOCIEDADES DE DESARROLLO INDUSTRIAS REGIONAL
ESP,48,199900,OTROS SERVICIOS N.C.O.P.
ESP,48,201100,DOCTORES Y LICENCIADOS EN CIENCIAS BIOLOGICAS
ESP,48,201200,INGENIEROS AGRONOMOS Y DE MONTES
ESP,48,201300,VETERINARIOS
ESP,48,202100,"TECNICOS EN BIOLOGIA, AGRONOMIA Y SILVICULTURA"
ESP,48,202200,INGENIEROS TECNICOS AGRICOLAS E INGENIEROS TECNICOS FORESTALES
ESP,48,202300,INGENIEROS TECNICOS TOPOGRAFOS
ESP,48,202400,"AUXILIARES Y AYUNDANTES EN VETERINARIA (SEXADORES DE POLLOS, CASTRADORES, ETC)"
ESP,48,209900,"OTROS PROF. RELACIONADOS CON LA AGRIC., GANAD., CAZA, SILV. Y PESCA N.C.O.P."
ESP,48,211100,"DOCTORES Y LICENCIADOS EN CIENCIAS FISICAS,GEOFISICAS Y GEOLOGICAS"
ESP,48,211200,INGENIEROS DE MINAS
ESP,48,212100,DOCTORES Y LICENCIADOS EN CIENCIAS QUIMICAS
ESP,48,213100,"INGENIEROS TECNICOS DE MINAS, FACULTATIVOS Y PERITOS"
ESP,48,219900,"OTROS PROF.RELAC.CON ACTI.PROPIAS DE ENERGIA,AGUA,MINERIA E IND.QUIMICA NCOP."
ESP,48,221100,INGENIEROS AERONAUTICOS
ESP,48,221200,INGENIEROS NAVALES
ESP,48,221300,INGENIEROS DE TELECOMUNICACION
ESP,48,221400,"INGENIERO DE ARMAMENTO Y CONSTRUCCION,DE ARMAS NAVALES Y ELECTROMECAN.DEL ICAI"
ESP,48,222100,"INGENIEROS TECNICOS AERONAUTICOS, AYUDANTES Y PERITOS"
ESP,48,222200,"INGENIEROS TECNICOS DE TELECOMUNICACION, AYUDANTES Y PERITOS"
ESP,48,222300,"AYUDAN.DE INGEN.DE ARMAMENTO Y CONST.,ARMAS NAVALES E ING.TECN.ELECTROMEC.ICAI"
ESP,48,222400,DIBUJANTES TECNICOS
ESP,48,222500,TECNICOS EN TELECOMUNICACION
ESP,48,222600,TECNICOS EN SONIDO
ESP,48,222700,TECNICOS EN ILUMINACION
ESP,48,222800,"INGENIEROS TECNICOS NAVALES, AYUDANTES Y PERITOS."
ESP,48,229900,"OTROS PROF.RELAC.CON INDUS.AERONAUTICA,TELECOMUNI.Y MECANICA PRECISION N.C.O.P"
ESP,48,231100,INGENIEROS INDUSTRIALES Y TEXTILES
ESP,48,232100,"INGENIEROS TECNICOS INDUSTRIALES Y TEXTILES, AYUDANTES Y PERITOS"
ESP,48,232200,TECNICOS EN ARTES GRAFICAS
ESP,48,239900,OTROS PROFESIONALES RELACIONADOS CON OTRAS INDUSTRIAS MANUFACTURERAS N.C.O.P.
ESP,48,241100,ARQUITECTOS
ESP,48,241200,"INGENIEROS DE CAMINOS, CANALES Y PUERTOS"
ESP,48,242100,ARQUITECTOS TECNICOS Y APAREJADORES
ESP,48,242200,"INGENIEROS TECNICOS DE OBRAS PUBLICAS, AYUDANTES Y PERITOS"
ESP,48,243100,DELINEANTES
ESP,48,243200,DECORADORES-DISEÑADORES DE INTERIORES
ESP,48,244100,TECNICOS SUPERIORES EN DESARROLLO DE PROYECTOS URBANISTICOS Y OPERAC.TOPOGRAF.
ESP,48,245100,INGENIERO EN GEODESIA Y CARTOGRAFIA
ESP,48,249900,OTROS PROFESIONALES RELACIONADOS CON LA CONSTRUCCION N.C.O.P.
ESP,48,251100,AGENTES COMERCIALES
ESP,48,252100,TECNICOS EN HOSTELERIA
ESP,48,259900,OTROS PROFESIONALES RELACIONADOS CON EL COMERCIO Y LA HOSTELERIA N.C.O.P.
ESP,48,261100,AGENTES DE FERROCARRILES
ESP,48,261200,CONDUCTORES DE VEHICULOS TERRESTRES
ESP,48,269900,OTROS PROFESIONALES RELACIONADOS CON EL TRANSPORTE Y LAS COMUNICACIONES NCOP.
ESP,48,271100,ACTUARIOS DE SEGUROS
ESP,48,271200,AGENTES REPRESENTANTES Y CORREDORES DE SEGUROS
ESP,48,272100,AGENTES COLEGIADOS DE LA PROPIEDAD INDUSTRIAL Y DE LA PROPIEDAD INMOBILIARIA
ESP,48,272200,GESTORES ADMINISTRATIVOS
ESP,48,272300,ADMINISTRADORES DE FINCAS
ESP,48,272400,INTERMEDIARIOS EN LA PROMOCION DE EDIFICACIONES
ESP,48,272500,HABILITADOS DE CLASES PASIVAS
ESP,48,272600,GRADUADOS SOCIALES
ESP,48,272700,AGENTES O INTERMEDIARIOS EN FACILITAR PRESTAMOS
ESP,48,272800,AGENTES DE ADUANAS
ESP,48,273100,ABOGADOS
ESP,48,273200,PROCURADORES
ESP,48,273300,NOTARIOS
ESP,48,273400,REGISTRADORES
ESP,48,274100,ECONOMISTAS
ESP,48,274200,INTENDENTES Y PROFESORES MERCANTILES
ESP,48,274300,PERITOS MERCANTILES
ESP,48,274400,DIPLOMADOS EN CIENCIAS EMPRESARIALES
ESP,48,274600,CORREDORES DE COMERCIO LIBRES
ESP,48,274700,AUDITORES DE CUENTAS Y CENSORES JURADOS DE CUENTAS
ESP,48,274800,ADMINISTRADORES DE LA CARTERA DE VALORES
ESP,48,274900,CORREDORES INTERPRETES Y CORREDORES MARITIMOS
ESP,48,275100,"PROFESIONALES DE LA PUBLICIDAD, RELACIONES PUBLICAS Y SIMILARES"
ESP,48,276100,DOCTORES Y LICENCIADOS EN CIENCIAS EXACTAS Y ESTADISTICAS
ESP,48,276200,DOCTORES Y LICENCIADOS EN INFORMATICA
ESP,48,276300,PROGRAMADORES Y ANALISTAS DE INFORMATICA
ESP,48,276400,DIPLOMADOS EN INFORMATICA
ESP,48,276500,GRABADOR INFORMATICO Y OTROS PROF.AUXILIA.DEL TRATAMIENTO ELECTRONICO DE DATOS
ESP,48,277100,"AGENTES COBRADORES DE FACTURAS,EFECTOS COMERCIALES,PRESTAMOS Y DCHOS.TODA CLA."
ESP,48,277200,"ESTENOTIPISTAS, MECANOGRAFOS,TAQUIGRAFOS Y OTROS PROFESIONALES ADMINISTRATIVOS"
ESP,48,277300,"DETECTIVES PRIVADOS Y PROFESIONALES QUE PRESTAN SERV.DE VIGILANCIA,PROTECCION,"
ESP,48,277400,TRADUCTORES E INTERPRETES
ESP,48,277500,DOCTORES Y LICENCIADOS EN FILOSOFIA Y LETRAS
ESP,48,277600,"DOCTORES Y LICENCIADOS CIENCIAS POLITICAS Y SOCIALES,PSICOLOGOS,ANTROPOLOGOS,"
ESP,48,277700,ESPECIALISTAS EN ASUNTOS DE PERSONAL Y ORIENTACION Y ANALISIS PROFESIONAL
ESP,48,277800,DIPLOMADOS EN BIBLIOTECOMANIA Y DOCUMENTACION
ESP,48,279800,"OTROS PROFESIONALES RELACIONADOS CON LAS ACTIVIDADES FINANCIERAS Y JURIDICAS,"
ESP,48,279900,OTROS PROFESIONALES RELACIONADOS CON ACTIVIDADES DE SEGUROS Y DE ALQUILER NCOP
ESP,48,281100,PROFESIONALES QUE PRESTAN SERVICIOS DE LIMPIEZA
ESP,48,282100,PERSONAL DOCENTE DE ENSEÑANZA SUPERIOR
ESP,48,282200,PERSONAL DOCENTE DE ENSEÑANZA MEDIA
ESP,48,282300,PERSONAL DOCENTE DE ENSEÑANZA GENERAL BASICA Y PREESCOLAR
ESP,48,282400,PROFESORES DE FORMACION Y PERFECCIONAMIENTO PROFESIONAL
ESP,48,282500,"PROFESORES DE CONDUCCION DE VEHICULOS TERRESTRES, ACUATICOS,AERONAUTICOS, ETC."
ESP,48,282600,"PERSONAL DOCENTE ENSEÑ.DIVERSA,EDUCACCION FISICA Y DEPORTE,IDIOMAS,MECANOGRAF."
ESP,48,283100,MEDICOS DE MEDICINA GENERAL
ESP,48,283200,MEDICOS ESPECIALISTAS (EXCLUIDOS ESTOMATOLOGOS Y ODONTOLOGOS)
ESP,48,283300,ESTOMATOLOGOS
ESP,48,283400,ODONTOLOGOS
ESP,48,283500,FARMACEUTICOS
ESP,48,283600,AYUDANTES TECNICOS SANITARIOS Y FISOTERAPEUTAS
ESP,48,283700,PROTESICOS E HIGIENISTAS DENTALES
ESP,48,283800,OPTICOS-OPTOMETRISTAS Y PODOLOGOS
ESP,48,283900,"MASAJISTAS,BROMATOLOGOS,DIETISTAS Y AUXILIARES DE ENFERMERIA"
ESP,48,284100,"NATUROPATAS, ACUPUNTORES Y OTROS PROFESIONALES PARASANITARIOS"
ESP,48,285100,REPRESENTANTES TECNICOS DEL ESPECTACULO
ESP,48,285200,APODERADOS Y REPRESENTANTES TAURINOS
ESP,48,285300,AGENTES DE COLOCACION DE ARTISTAS
ESP,48,285400,"EXPERTOS EN ORGANIZACION DE CONGRESOS, ASAMBLEAS Y SIMILARES"
ESP,48,285500,AGENTES Y CORREDORES DE APUESTAS EN LOS ESPECTACULOS
ESP,48,286100,"PINTORES, ESCULTORES, CERAMISTAS, ARTESANOS, GRABADORES, ARTISTAS FALLEROS Y ARTISTAS SIMILARES"
ESP,48,286200,RESTAURADORES DE OBRAS DE ARTE
ESP,48,286300,PERIODISTAS Y OTROS PROFESIONALES DE LA INFORMACIÓN Y LA COMUNICACIÓN
ESP,48,286400,ESCRITORES Y GUIONISTAS
ESP,48,286900,OTROS PROFESIONALES RELACIONADOS CON LAS ACTIVIDADES ARTÍSTICAS Y CULTURALES NO CLASIFICADAS EN LA SECCIÓN TERCERA
ESP,48,287100,"EXPENDEDOR OFICIAL LOTERIA,APUESTA DEPORTIVA Y OTROS JUEGOS,DEL ESTADO"
ESP,48,287200,"EXPENDEDORES OFICIALES DE LOTERIAS,APUESTAS DEPORTIVAS Y OTROS NO DEL ESTADO"
ESP,48,287300,EXPENDEDORES NO OFICIALES AUTORIZADOS PARA LA RECEP. APUESTAS Y OTROS JUEGOS
ESP,48,288100,ASTROLOGOS Y SIMILARES
ESP,48,288200,GUIAS DE TURISMO
ESP,48,288300,GUIAS INTERPRETES DE TURISMO
ESP,48,288400,"PERITOS TASADORES DE SEGUROS,ALHAJAS, GENEROS Y EFECTOS"
ESP,48,288500,LIQUIDADORES Y COMISARIOS DE AVERIAS
ESP,48,288600,CRONOMETRADORES
ESP,48,288700,MAQUILLADORES Y ESTETICISTAS
ESP,48,288800,GRAFOLOGOS
ESP,48,288900,GUÍAS DE MONTAÑA
ESP,48,289900,OTROS PROFESIONALES RELACIONADOS CON SERVICIOS A QUE SE REFIERE ESTA DIVISION
ESP,48,301100,DIRECTORES DE CINE Y TEATRO
ESP,48,301200,AYUDANTES DE DIRECCION
ESP,48,301300,ACTORES DE CINE Y TEATRO
ESP,48,301400,"EXTRAS ESPECIALIZADOS, DOBLES, COMPARSAS Y MERITORIOS"
ESP,48,301500,"OPERADORES DE CAMARAS DE CINE, DE TELEVISION Y VIDEO"
ESP,48,301600,"HUMORISTAS, CARICATOS, EXCENTRICOS, CHARLISTAS, RECITADORES, ILUSIONISTAS, ETC"
ESP,48,301700,APUNTADORES Y REGIDORES
ESP,48,301800,ARTISTAS DE CIRCO
ESP,48,301900,"OTRAS ACTIVIDADES RELACIONADAS CON EL CINE, EL TEATRO Y EL CIRCO, N.C.O.P."
ESP,48,302100,DIRECTORES COREOGRAFICOS
ESP,48,302200,BAILARINES
ESP,48,302900,OTRAS ACTIVIDADES RELACIONADAS CON EL BAILE N.C.O.P.
ESP,48,303100,MAESTROS Y DIRECTORES DE MUSICA
ESP,48,303200,INTERPRETES DE INSTRUMENTOS MUSICALES
ESP,48,303300,CANTANTES
ESP,48,303400,"COMPOSITORES, LETRISTAS, ARREGLISTAS Y ADAPTADORES MUSICALES"
ESP,48,303900,OTRAS ACTIVIDADES RELACIONADAS CON LA MUSICA N.C.O.P.
ESP,48,304100,JUGADORES Y ENTRENADORES DE FUTBOL
ESP,48,304200,"JUGADORES, ENTRENADORES Y PREPARADORES DE TENIS Y DE GOLF"
ESP,48,304300,"PILOTOS, ENTRENADORES Y PREPARADORES DE MOTOCICLISMO Y AUTOMIVILISMNO"
ESP,48,304400,"BOXEADORES, ENTRENADORES Y PREPARADORES DE BOXEO."
ESP,48,304500,"JUGADORES, ENTRENADORES Y PREPARADORES DE BALONCESTO."
ESP,48,304600,"CORREDORES, ENTRENADORES Y PREPARADORES DE CICLISM0"
ESP,48,304700,"JUGADORES,ENTRENADORES Y PREPARADORES DE BALONMANO,VOLEIBOL,PELOTA,HIPICA,..."
ESP,48,304800,ARBITROS DE ESPECTACULOS DEPORTIVOS
ESP,48,304900,OTRAS ACTIVIDADES RELACIONADAS CON EL DEPORTE N.C.O.P.
ESP,48,305100,MATADORES DE TOROS
ESP,48,305200,REJONEADORES
ESP,48,305300,SUBALTERNOS
ESP,48,305400,JEFES DE CUADRILLAS COMICAS Y SIMILARES
ESP,48,305500,OTRO PERSONAL DE CUADRILLAS COMICAS Y SIMILARES
ESP,48,305900,OTRAS ACTIVIDADES RELACIONADAS CON ESPECTACULOS TAURINOS N.C.O.P.
ESP,48,451000,AGRICULTURA
ESP,48,452000,GANADERIA DEPENDIENTE
ESP,48,453000,EXPLOTACION FORESTAL
ESP,48,4540001,"SERVICIOS DE CRIA, GUARDA Y ENGORDE DE GANADO (AVES)"
ESP,48,4540002,"SERVICIOS DE CRIA, GUARDA Y ENGORDE DE GANADO (DISTINTO DE AVES)"
ESP,48,4550000,SERVICIOS AGRICOLAS Y GANADEROS EXCLUIDOS DEL REAGyP
ESP,48,4550001,SERVICIOS AGRICOLAS Y GANADEROS NO INCLUIDOS EN REAGyP
ESP,48,456001,PESCA DE BAJURA
ESP,48,456002,PESCA (AGUA DULCE)
ESP,48,456003,PESCA MARITIMA (NO BAJURA)
ESP,48,4570001,APROVECHAMIENTO CEDENTE ACT. AGRICOLAS (APARCERIA) - PRODUCTOS AGRÍCOLAS
ESP,48,4570002,APROVECHAMIENTO CEDENTE ACT. AGRICOLAS (APARCERIA) - FORRAJES
ESP,48,4570003,APROVECHAMIENTO CEDENTE ACT. AGRICOLAS (APARCERIA) - PLANTAS TEXTILES Y TABACO
ESP,48,458000,APROVECHAMIENTOS CEDENTE ACT. FORESTALES (APARCERIA)
ESP,48,459000,OTROS SERVICIOS AGRICOLAS NO SUJETOS A IAE
ESP,48,490000,OTRAS ACTIVIDADES NO SUJETAS AL I.A.E.
